A,-0.00008707703636514274,0.00011696796287155898,0.99564072783584978144,110.35767
A,-0.00041639159653085326,0.00012812925996523274,0.99554351099066551445,110.35767
A,-0.00080858146978953502,0.00011464042265378518,0.99564072783584978144,110.35767
A,-0.00109663155092042932,0.00011474580099497463,0.99454768928220271818,110.60236
A,0.00029694565387121960,0.00010483646035094019,0.99554351099066551445,110.35767
A,-0.00013515524349357304,0.00011147009685852108,0.99564072783584978144,110.35767
A,-0.00015465969384480509,0.00010205941357428106,1.00024382512861786942,116.81763
A,-0.00060745349442523945,0.00010397782287395344,1.00057786555482386426,116.81763
A,0.00013442478528599266,0.00010713772168158723,1.00024382512861786942,116.81763
A,0.00005668546465812567,0.00010145665544127854,1.00024382512861786942,116.81763
A,0.00059470498161369521,0.00009883692709562245,1.00024382512861786942,116.81763
A,0.00029486788589790222,0.00009509572371756528,0.99775091824021489018,117.35596
A,-0.00117218990208456430,0.00007952523631985287,1.00000000000000000000,123.81592
A,-0.00078392512989805757,0.00008105662715473817,1.00000000000000000000,123.81592
A,-0.00064632693294685390,0.00008172203252770355,1.00000000000000000000,123.81592
A,-0.00086123744818660929,0.00007563511940165633,1.00000000000000000000,123.81592
A,-0.00013317501136183955,0.00009218301008841217,0.99891304347826093135,123.81592
A,-0.00066317619698132461,0.00008726873916604587,1.00000000000000000000,123.81592
A,-0.00008882619691508685,0.00006661589017679183,0.99509920634920634441,131.59180
A,0.00073153486401264208,0.00006730730020575050,0.99978799739073709318,130.99365
A,0.00084235814979349345,0.00007095606731161887,0.99978799739073709318,130.99365
A,-0.00001435443765898832,0.00006603158739680912,0.99676522248243559776,131.35254
A,0.00068460142901551968,0.00007636528244779016,0.99913568166992816622,130.99365
A,0.00003824685055392593,0.00007553433005309041,0.99913568166992816622,130.99365
A,0.00133520091086329379,0.00005359186716462916,0.99572693811824242172,139.29291
A,0.00086184741646617600,0.00006881872415719241,1.00076282940360616891,138.62000
A,0.00077031281610085876,0.00007013584805908084,1.00076282940360616891,138.62000
A,0.00060877353297599576,0.00006910879609252937,1.00006934812760062137,138.62000
A,0.00062829766410567485,0.00007318493580992293,1.00076282940360616891,138.62000
A,0.00068069323655162162,0.00006063435884406032,0.99590571564820484785,139.36768
A,0.00138364409556224568,0.00005613378865941598,0.99761361165470741064,147.36786
A,0.00160661695098171390,0.00005419040802993617,0.99533050663187649931,147.36786
A,0.00168762166078152568,0.00006502640033843974,0.99687110446272753084,146.88721
A,0.00200039259034949339,0.00006136056099093731,0.99687110446272753084,146.88721
A,0.00180075821580858992,0.00005976146119601731,0.99791822488157566617,146.88721
A,0.00190969005421500978,0.00005350861961211506,0.99761361165470741064,147.36786
A,0.00089779105915580568,0.00005511540486793850,1.00000000000000000000,156.11572
A,0.00120420265491292307,0.00005078586314190835,1.00000000000000000000,156.11572
A,0.00164682906355060428,0.00004982655858363971,1.00119047619047618625,155.34668
A,0.00140927601488770619,0.00004932862472541518,0.99819376026272588209,156.11572
A,0.00114859446494718315,0.00005168248741671954,1.00000000000000000000,156.11572
A,0.00103394554498528919,0.00004615818816528132,0.99913793103448278465,156.11572
A,0.00005961543319208838,0.00006049217709354500,0.99836101882613503822,165.34424
A,-0.00026408339981744047,0.00006717140963680573,0.99963768115942031045,165.08789
A,0.00098588202757163073,0.00005595627638159639,1.00235870048954156530,164.57520
A,-0.00038211139579581764,0.00006867600564848079,0.99963768115942031045,165.08789
A,-0.00067946193130458479,0.00007569860369412776,0.99963768115942031045,165.08789
A,-0.00075581983519818624,0.00006246326401978344,0.99836101882613503822,165.34424
A,0.00395157070598025403,0.00005072990980978353,0.99475772765246450735,175.34180
A,0.00258335175087521813,0.00005631344992601925,0.99606837606837606014,174.95728
A,0.00167228860560132220,0.00005533442464900594,0.99606837606837606014,174.95728
A,0.00131287310260757065,0.00005789838805618544,0.99606837606837606014,174.95728
A,0.00225433144802162418,0.00005542091544628868,0.99606837606837606014,174.95728
A,0.00175638437399806163,0.00005720339309324275,0.99606837606837606014,174.95728
A,0.00518955779217654661,0.00004336013527508820,0.99629629629629634646,185.72388
A,0.00604897621189779723,0.00004129930050962592,0.99911003236245965464,184.82666
A,0.00656500115949438211,0.00004778419696248123,0.99699612403100767999,185.18555
A,0.00674757679000329881,0.00003950676794495886,0.99680728446288613398,185.33936
A,0.00689169523227173460,0.00003531056967426021,0.99755977079628532778,185.33936
A,0.00682425572551879564,0.00003888863718401267,0.99680728446288613398,185.33936
A,0.00247797443138653194,0.00004709940590057104,0.99344080044469151858,197.64404
A,0.00450941502331774630,0.00004685027265117257,0.99649923896499237319,196.49048
A,0.00561257504321456026,0.00004354094958743305,0.99649923896499237319,196.49048
A,0.00634001026860696835,0.00003825196717661780,0.99649923896499237319,196.49048
A,0.00555862469334292807,0.00004363896003533317,0.99649923896499237319,196.49048
A,0.00488498264869130332,0.00004609429929146074,0.99649923896499237319,196.49048
A,0.00532124877312420072,0.00003615976595651455,0.98965517241379308278,208.15430
A,0.00520284784724411170,0.00003545601487603794,0.98965517241379308278,208.15430
A,0.00579300683708434960,0.00004071532999185777,0.99396551724137938155,208.15430
A,0.00529413614985333337,0.00003974792125185433,0.99396551724137938155,208.15430
A,0.00558267551725198131,0.00003971560962381374,0.99396551724137938155,208.15430
A,0.00633828922134814770,0.00004429053406559105,0.99447322970639040474,207.79541
A,0.00255886835953354850,0.00092546626779670355,1.01626016260162610472,73.57178
A,0.01064582059356306183,0.00003469744981067215,1.00000000000000000000,220.71533
A,0.01061659799635031667,0.00002913825173318148,1.00000000000000000000,220.71533
A,0.01010619172732214396,0.00002825506047527668,0.99695121951219511924,220.71533
A,0.01018397046844238436,0.00003346637204756439,0.99634146341463414309,220.71533
A,0.00978631464036656441,0.00003918497664757638,1.00000000000000000000,220.71533
A,0.01017211891524158647,0.00003700051498952700,0.99629629629629623544,232.55859
A,0.01297599667000632305,0.00003211467126147650,0.99531490015360990498,233.63525
A,0.01180752517202630220,0.00003322722251353337,0.99531490015360990498,233.63525
A,0.01236491670576678019,0.00003290766589747308,0.99531490015360990498,233.63525
A,0.01249352909105901771,0.00003254710756552101,0.99531490015360990498,233.63525
A,0.01224149123494320396,0.00003449398027346074,0.99531490015360990498,233.63525
A,0.01268761360183119635,0.00003284121436307660,0.99531490015360990498,233.63525
A,0.01039647512242437150,0.00004115206813323946,0.99876273653566227662,246.55518
A,0.01144032576716389783,0.00003552788078145510,0.99876273653566227662,246.55518
A,0.01135525933713977219,0.00003613077839169859,0.99876273653566227662,246.55518
A,0.01111189264309949201,0.00003624977664725346,0.99876273653566227662,246.55518
A,0.01202700590629912809,0.00003582910552847331,0.99876273653566227662,246.55518
A,0.01157616051493539841,0.00003655351935625618,0.99876273653566227662,246.55518
A,0.00588489890263526293,0.00004906883483110129,0.99474043715846993674,262.70508
A,0.00836261186138848901,0.00003625999476810090,0.99698216735253775145,261.62842
A,0.00854974422190324726,0.00003759444585377195,0.99561042524005483045,261.62842
A,0.00846426630823143150,0.00004154194111228857,0.99561042524005483045,261.62842
A,0.00874202584449013456,0.00003791735281174833,0.99561042524005483045,261.62842
A,0.00867553229540063767,0.00003676277768156517,0.99561042524005483045,261.62842
A,0.01119584022221612775,0.00003395449173367364,0.99243954698500147504,279.16260
A,0.00966455775914643739,0.00004282056927962302,0.99586563307493525254,277.77832
A,0.00938737951201559784,0.00004246065244115884,0.99586563307493525254,277.77832
A,0.00952984759102321402,0.00004268544084750995,0.99586563307493525254,277.77832
A,0.00920573177275660869,0.00004944439787187858,0.99676375404530748181,277.23999
A,0.00980318619098041397,0.00005102684503353891,0.99676375404530748181,277.23999
A,0.01078014810675963393,0.00003707999768901926,0.99609279609279610668,293.92822
A,0.01125736317924894495,0.00003781565883111138,0.99609279609279610668,293.92822
A,0.01090527062303625269,0.00003657840195178460,0.99609279609279610668,293.92822
A,0.00890134805971949314,0.00004772134922615814,0.99694189602446481313,293.38989
A,0.00884440355882759772,0.00004137102794378541,0.99694189602446481313,293.38989
A,0.01011504727804094818,0.00003891245726611011,0.99609279609279610668,293.92822
A,0.00982319011930720722,0.00003755641268215510,0.99542857142857132935,314.02588
A,0.00810221055131032930,0.00003811072333580330,0.99398280802292260372,313.12866
A,0.00815582797695211907,0.00004471469436235328,0.99640804597701149170,312.23145
A,0.00864682914928166166,0.00004621159119340112,0.99856321839080464109,312.23145
A,0.01010738181718447148,0.00003508959374288561,0.99428571428571432822,314.02588
A,0.00729057789571654381,0.00004862340000518136,0.99963924963924966072,310.88562
A,0.01172243616022545891,0.00004104860793106296,0.99728997289972898255,331.07300
A,0.00926939846430743612,0.00004262372102312523,0.99829931972789109906,329.72717
A,0.01019154175891632749,0.00004153946291853614,0.99829931972789109906,329.72717
A,0.00866863282189003943,0.00004301875424745192,0.99829931972789109906,329.72717
A,0.00847793369157294127,0.00004167014612913203,0.99829931972789109906,329.72717
A,0.00901022057256618998,0.00004359515973445437,0.99728997289972898255,331.07300
A,0.01024512935864214068,0.00073849773058024448,0.98734756097560971710,353.14453
A,0.00757093973495345275,0.00004561035514757418,0.99712643678160917116,351.26038
A,0.00668217320900940832,0.00004695012095659403,1.00000000000000000000,349.91455
A,0.00758939918494618004,0.00004345871282203955,1.00000000000000000000,349.91455
A,0.00716330770377853095,0.00004483719692191614,1.00000000000000000000,349.91455
A,0.00720733709907386312,0.00004512735943900733,1.00000000000000000000,349.91455
A,0.00956288406967292955,0.00005408880833762936,0.99679487179487180626,373.24219
A,0.00755503274438154657,0.00005751876136515509,1.00000000000000000000,371.44775
A,0.00781558817098438989,0.00005636379699204234,0.99679487179487180626,373.24219
A,0.00675668484178118273,0.00005823994515173056,1.00000000000000000000,371.44775
A,0.00765650944246243272,0.00005637138693242467,1.00000000000000000000,371.44775
A,0.00673503039038645182,0.00005879319081998552,1.00000000000000000000,371.44775
A,0.00818045611114361949,0.00004492475363935723,0.99299909665763330668,397.28760
A,0.00650259100503738918,0.00004616493058415454,0.99388586956521740579,396.21094
A,0.00719547562488992518,0.00005912219989493916,0.99696969696969706121,394.77539
A,0.00631283009586509208,0.00006012638346649749,0.99696969696969706121,394.77539
A,0.00635375671663105518,0.00005843238732357069,0.99696969696969706121,394.77539
A,0.00744033434121083113,0.00004488924282476871,0.99299909665763330668,397.28760
A,0.00232258685914480583,0.00007308446743120619,0.99642346208869814195,418.10303
A,0.00561528016571433922,0.00006139394251765939,0.99642346208869814195,418.10303
A,0.00573538157149885118,0.00006126520124596032,1.00000000000000000000,419.89746
A,0.00720605435373281988,0.00005827452557260934,0.99928160919540232054,416.30859
A,0.00200977994389496626,0.00007345226038846685,0.99642346208869814195,418.10303
A,0.00338697707699402726,0.00006782752707619339,0.99786324786324787084,419.89746
A,0.00462535338456864821,0.00005098376983328621,0.99774774774774765973,448.15979
A,0.00276424123515641058,0.00005302785307821918,0.99447791164658627672,446.81396
A,0.00638344663691810948,0.00004433970980499864,0.99420946626384687494,445.46814
A,0.00463558035569695825,0.00005699431328891119,0.99730094466936558550,443.22510
A,0.00642189960177571954,0.00004315597672200483,0.99572004028197380610,445.46814
A,-0.00002428762881952640,0.00006264681382548797,0.99447791164658627672,446.81396
B,0.00135415671243156299,0.00005270942542259827,1.00084338912676784616,246.95892
B,0.00114055922587835007,0.00005485126293111380,0.99963236884217809841,246.95892
B,0.00018832895059843718,0.00006945062997106881,1.00175165434021007371,246.95892
B,0.00186314557418233240,0.00007367338181363558,1.00227686703096541265,246.28601
B,0.00071669045493143678,0.00008527918697134044,0.99957264957264957417,262.43591
B,0.00015276892651394517,0.00009120634134432770,1.00343642611683847576,261.09009
B,0.00097833851245133574,0.00010637919135812248,1.00114155251141556668,261.98730
B,0.00000816115548269813,0.00009394221604771572,1.00343642611683847576,261.09009
B,0.00033283094242759592,0.00011047885006390945,1.00114155251141556668,261.98730
B,-0.00039079727934696377,0.00005969391960645311,1.00153893505694058241,277.62451
B,0.00015728859468342664,0.00008386475538930499,1.00323624595469262921,277.23999
B,-0.00047028179908563568,0.00007178290249481605,1.00147737765466304793,277.62451
B,-0.00003715404924164566,0.00008877135738153614,1.00323624595469262921,277.23999
B,-0.00052098521345468498,0.00007354275149219408,1.00147737765466304793,277.62451
B,-0.00080015176694017893,0.00009401996894184720,1.00219298245614041321,277.62451
B,0.00115853413108085832,0.00006691387472768358,1.00076219512195119243,294.28711
B,0.00069732355105739971,0.00006068911291550452,1.00036585365853669671,294.28711
B,-0.00013937033051624002,0.00006113835793409561,1.00036585365853669671,294.28711
B,-0.00000804596316321122,0.00006358895562712793,1.00036585365853669671,294.28711
B,0.00074379949288411260,0.00006813679948107104,1.00076219512195119243,294.28711
B,0.00266688882053223381,0.00004672517129333297,1.00161383285302596491,311.33423
B,0.00324096595099764018,0.00004214852261040146,1.00046109510086456140,311.33423
B,0.00313032925909278916,0.00004621050594879150,1.00046109510086456140,311.33423
B,0.00277003130094923781,0.00004353003598509792,0.99873198847262256717,311.33423
B,0.00289690978539917151,0.00004591007522778906,0.99873198847262256717,311.33423
B,0.00255172400867111288,0.00004584769859966548,1.00046109510086456140,311.33423
B,0.00379061341666699254,0.00004489176009536622,0.99739130434782607981,330.17578
B,0.00368083638424545430,0.00004187822930829572,0.99739130434782607981,330.17578
B,0.00211177141867781174,0.00004535765304606711,0.99847411444141687120,329.27856
B,0.00324902512995652471,0.00004327238974841577,0.99847411444141687120,329.27856
B,0.00472877355962887224,0.00005871872611894936,1.00343642611683847576,348.12012
B,0.00385157510926244662,0.00004519714695143356,1.00102880658436221850,348.83789
B,0.00537895764620296719,0.00005054240419392869,1.00205761316872421496,348.83789
B,0.00384582431283925349,0.00004568339156561620,1.00102880658436221850,348.83789
B,0.00715901124653536315,0.00003759081489678925,1.00231481481481488061,348.83789
B,0.00480300432711408196,0.00003667009205248541,0.99917635658914727426,370.37109
B,0.00295422872774317447,0.00006171865167017692,1.00145772594752191509,369.29443
B,0.00249710537934546943,0.00005016978756958573,1.00163994169096204345,369.29443
B,0.00426519239089434392,0.00005142217146366133,0.99659863945578230915,369.29443
B,0.00196006157671560401,0.00005420801723973828,1.00133624878522842216,369.29443
B,0.00361686099772015168,0.00003811451941053454,0.99689018464528655894,369.29443
B,0.00583117412021319937,0.00003355130083983884,0.99922161172161172438,391.90430
B,0.00652734929304664771,0.00003736228208555589,0.99948489010989005621,391.90430
B,0.00614420579035309701,0.00003229964725924328,0.99922161172161172438,391.90430
B,0.00689620062515840931,0.00003665788222623022,0.99948489010989005621,391.90430
B,0.00505837326005254082,0.00003711768023844479,0.99922161172161172438,391.90430
B,0.00648695935774658110,0.00003874904082237894,0.99948489010989005621,391.90430
B,0.00728638181604180854,0.00004978087731132544,1.00000000000000000000,414.51416
B,0.00611079847349684912,0.00005207802970260972,1.00000000000000000000,414.51416
B,0.00784017148030623917,0.00004424616238007559,1.00000000000000000000,414.51416
B,0.00780269936058741297,0.00004830358785281665,1.00000000000000000000,414.51416
B,0.00809359274497589709,0.00004398232083142737,1.00000000000000000000,414.51416
B,0.00623368315251562888,0.00003893207752641438,0.99974515800203866966,440.08484
B,0.00604708257693778711,0.00003759747004734165,0.99974515800203866966,440.08484
B,0.00635722052632957391,0.00004890788422255424,1.00000000000000000000,440.08484
B,0.00660571180559100732,0.00003791009182991230,0.99974515800203866966,440.08484
B,0.00669726742625715958,0.00004809286281152488,1.00000000000000000000,440.08484
B,0.00698886847718551297,0.00003838438007196453,0.99974515800203866966,440.08484
B,0.00876659816563438339,0.00004198790155673431,0.99807321772639701063,465.65552
B,0.00893869740406674426,0.00003293808138206630,0.99879227053140096082,464.30969
B,0.00804447269935402998,0.00004374194281357736,0.99807321772639701063,465.65552
B,0.00926830923115107980,0.00003274712442181809,1.00024154589371994106,464.30969
B,0.00743510039416880094,0.00003575353770146669,0.99807321772639689961,465.65552
B,0.00863871257308109972,0.00003346861301995302,0.99879227053140096082,464.30969
B,0.00983799916127974829,0.00004120023212809250,1.00000000000000000000,495.26367
B,0.00823136358083661861,0.00003220757958180814,1.00113533151680300648,493.91785
B,0.00809982745619776401,0.00003370713466179836,0.99977293369663944311,493.91785
B,0.00831582135150730692,0.00003450405805670261,0.99977293369663944311,493.91785
B,0.00782900784305131346,0.00003639155159672022,0.99977293369663944311,493.91785
B,0.00930652943819976729,0.00003417070270397051,0.99977293369663944311,493.91785
B,0.00853014626575135382,0.00004409703355064320,1.00000000000000000000,522.18018
B,0.01031952416831433302,0.00004062681991971302,1.00000000000000000000,522.18018
B,0.01039277417376887995,0.00003835742087221818,1.00229885057471257426,520.38574
B,0.00897539143853255325,0.00004073501190393587,1.00057471264367814356,520.38574
B,0.01079576526617919731,0.00005513422523942715,1.00259067357512954288,519.48853
B,0.00961152400543354921,0.00004024285203985706,0.99828178694158076212,522.18018
B,0.01013260168299152074,0.00003798436081480858,1.00000000000000000000,554.47998
B,0.00904077233217558292,0.00004059778952242176,1.00000000000000000000,554.47998
B,0.01022011468312274997,0.00004063141593566176,1.00000000000000000000,554.47998
B,0.00908973625023074341,0.00005552184217736005,1.00000000000000000000,554.47998
B,0.00996972333587698573,0.00003749001382203488,0.99838187702265379642,554.47998
B,0.00841924441912822452,0.00004149995366827524,1.00000000000000000000,554.47998
B,0.01078241015381273434,0.00005562971791816738,1.00000000000000000000,586.77979
B,0.00975981800732256960,0.00005599416510937571,1.00153374233128822368,584.98535
B,0.01133494400989946624,0.00005266975176566667,1.00000000000000000000,586.77979
B,0.00818873773302537973,0.00006071911727878336,1.00153374233128822368,584.98535
B,0.00894486656406955592,0.00003852705743833185,1.00051124744376274123,584.98535
B,0.01116433112991330016,0.00005698249490176673,1.00000000000000000000,586.77979
B,0.00881601385609606832,0.00005871252689242410,1.00000000000000000000,624.46289
B,0.01115534101507635080,0.00005590495194141215,1.00000000000000000000,624.46289
B,0.00899545960057630302,0.00005553289854585758,1.00144092219020164336,622.66846
B,0.00785619794230197309,0.00005889191874155631,1.00144092219020164336,622.66846
B,0.00873536677097882033,0.00004119069973963106,1.00048030739673388112,622.66846
B,0.00954291886139442547,0.00005870612509734048,1.00144092219020164336,622.66846
B,0.01091512274258459730,0.00005336614779396121,1.00136986301369868002,654.96826
B,0.00927951058623259321,0.00003961588018962445,0.99818346957311521184,658.55713
B,0.01191375317301419413,0.00003723565563537315,1.00000000000000000000,656.76270
B,0.00929432086440276639,0.00003855129866279989,1.00000000000000000000,656.76270
B,0.01164698689010103087,0.00003734876504344342,1.00000000000000000000,656.76270
B,0.00932209513344016069,0.00004084241399199230,1.00000000000000000000,656.76270
B,0.01113118800312139396,0.00005263016385411251,1.00000000000000000000,699.82910
B,0.00696924822547498064,0.00005709253944271547,1.00193050193050181562,697.13745
B,0.00806975877515143068,0.00005378348803953292,1.00193050193050181562,697.13745
B,0.00745029929000746213,0.00005588904957217248,1.00000000000000000000,699.82910
B,0.00974393631900162538,0.00010000000000000000,1.00000000000000000000,699.82910
B,0.00817373848122193540,0.00005703520562921740,1.00000000000000000000,699.82910
B,0.00876311003932524028,0.00005316949398796371,1.00000000000000000000,737.51221
B,0.00650057667698077102,0.00005903638184942252,1.00183150183150182500,734.82056
B,0.00699279096690703927,0.00005559169456805269,0.99816849816849817500,734.82056
B,0.00771644624956627917,0.00005910717876027414,1.00000000000000000000,737.51221
B,0.01002268965258839260,0.00005325377694977901,1.00000000000000000000,737.51221
B,0.00636707943975252984,0.00006290588261767074,1.00000000000000000000,737.51221
B,0.00690217394710089700,0.00005869192325720579,1.00171821305841923788,783.27026
B,0.00506259433726160245,0.00006449099505392297,1.00000000000000000000,785.96191
B,0.00693197621396510547,0.00005769105285160230,1.00171821305841923788,783.27026
B,0.00559976051715933495,0.00006122931029222130,1.00171821305841923788,783.27026
B,0.00545269381654618461,0.00006235328919604608,0.99828178694158076212,783.27026
B,0.00479763641398870278,0.00006559125475998514,1.00171821305841923788,783.27026
B,0.00756104937113760700,0.00005855755079883287,1.00000000000000000000,829.02832
B,0.00402351984037801428,0.00007270045575064697,1.00000000000000000000,829.02832
B,0.00728496266475777646,0.00006025427764245366,1.00000000000000000000,829.02832
B,0.00347367794389650836,0.00007444629389689552,1.00000000000000000000,829.02832
B,0.00694002285948346846,0.00006127855717412401,1.00000000000000000000,829.02832
B,0.00630543818196573763,0.00006343912205949321,1.00000000000000000000,829.02832
B,0.00481248357608911846,0.00006598867239084129,1.00000000000000000000,882.86133
B,0.00198364017194326480,0.00008128485914406409,1.00152905198776753792,880.16968
B,0.00492865894011852278,0.00006034768645849894,1.00152905198776753792,880.16968
B,0.00227601817375283708,0.00008070200829763104,0.99847094801223246208,880.16968
B,0.00424065087698274976,0.00006275073944513129,0.99847094801223246208,880.16968
B,0.00419472600968242432,0.00006401221903166204,1.00000000000000000000,882.86133
B,0.00634956227347854146,0.00006935077872935745,1.00000000000000000000,931.31104
B,0.00325135656606064666,0.00007616807098063117,1.00000000000000000000,931.31104
B,0.00330421740956609884,0.00007828141254541096,1.00144927536231875820,928.61938
B,0.00130813411178458102,0.00009250888098583957,0.99855072463768124180,928.61938
B,0.00354102542855978591,0.00007689394033883882,1.00144927536231875820,928.61938
B,0.00211339797577915663,0.00008598835418014094,1.00000000000000000000,931.31104
B,0.00255282189534758279,0.00008036262072709993,1.00136239782016334132,987.83569
B,0.00260180661759785471,0.00007370594949058472,0.99863760217983643663,987.83569
B,0.00224940021237611879,0.00007989559389371041,1.00000000000000000000,985.14404
B,0.00222572427790552118,0.00007570858540086427,0.99863760217983643663,987.83569
B,0.00257764432471579335,0.00007042397334761061,1.00000000000000000000,985.14404
B,0.00147675109569494665,0.00008914285445466353,1.00000000000000000000,990.52734
D,0.00069601295482956717,0.00010070428962590657,0.99726277372262772669,147.50244
D,0.00124571314920318438,0.00010964081040118011,0.99925958188153329864,147.14355
D,0.00125302926783761766,0.00009527849938526568,0.99913436411149825211,147.14355
D,0.00078964801068934914,0.00008961454888697729,0.99711939520333670028,147.50244
D,0.00041873263892916609,0.00010954312577966482,0.99706967133974422346,147.50244
D,0.00098261628027326874,0.00010504886937748626,0.99821972996515673238,147.14355
D,-0.00037380436492090940,0.00011503546820784547,1.00000000000000000000,156.11572
D,0.00006476081722151059,0.00009688476156075619,1.00000000000000000000,156.11572
D,0.00002932481241379537,0.00010026464350720846,0.99938423645320195732,156.11572
D,-0.00022949919814560472,0.00011553649546186591,0.99938423645320195732,156.11572
D,-0.00038756551948107023,0.00010610036664770597,0.99938423645320195732,156.11572
D,-0.00035966200641349296,0.00010053597104496431,1.00000000000000000000,156.11572
D,-0.00015036546593627672,0.00010377156722950403,0.99905978651623250641,165.53650
D,0.00060686333535534204,0.00025803633009196516,0.99601669032563344697,82.76825
D,-0.00006245100323845295,0.00009171025148133070,0.99856755710414246696,165.53650
D,-0.00014722347321337943,0.00008961877935786691,1.00213313896987354923,164.86359
D,-0.00047999742708622426,0.00009148428167483892,1.00213313896987354923,164.86359
D,-0.00011478583684732067,0.00009468935027949850,1.00255449118422879096,164.86359
D,-0.00203265759936158402,0.00011873894754950235,0.99677655677655674360,174.95728
D,-0.00149086776262738539,0.00012397360043049923,0.99675562532705386243,174.95728
D,-0.00090267558223754325,0.00011624449507357507,0.99675562532705386243,174.95728
D,-0.00067309096015666543,0.00010973454303421417,0.99675562532705386243,174.95728
D,-0.00123694786802345017,0.00012121101362250238,0.99675562532705386243,174.95728
D,-0.00195608153836715698,0.00011247131779876896,0.99732600732600729110,174.95728
D,-0.00087693376617396812,0.00009653613499274298,0.99686820786405849759,185.33936
D,-0.00028010705709928920,0.00008787458651008402,0.99686820786405849759,185.33936
D,0.00173169103962357118,0.00010000000000000000,1.00000000000000000000,732.12891
D,0.00023776054624255927,0.00008301363156964615,0.99686820786405849759,185.33936
D,-0.00032521856905910989,0.00008910735761642924,0.99686820786405849759,185.33936
D,-0.00008862292801672901,0.00008645492514623895,0.99686820786405849759,185.33936
D,-0.00043551129669273524,0.00008888931356416868,0.99686820786405849759,185.33936
D,-0.00091197062097825039,0.00008231786730268989,0.99867413632119517164,196.10596
D,0.00011695878579610170,0.00007168862577944254,0.99802054154995334390,196.10596
D,-0.00014328559332579100,0.00008472423333325053,0.99736383442265796884,196.10596
D,-0.00008910591514450566,0.00007388006875996910,0.99802054154995334390,196.10596
D,-0.00007830573377277700,0.00008575794551701092,0.99736383442265796884,196.10596
D,-0.00076239440692937150,0.00008125207933256119,0.99867413632119517164,196.10596
D,-0.00040910915546144878,0.00007240695242312413,0.99971264367816081720,208.15430
D,0.00049995771307072344,0.00006646506438883456,0.99940549405494050195,208.41064
D,0.00033023190002727239,0.00005877387124953979,0.99962221050781940868,208.41064
D,0.00027114871960433285,0.00005944470655562223,0.99869970128272711474,208.41064
D,-0.00023415469599237754,0.00007115618952512808,0.99971264367816081720,208.15430
D,0.00027028595571651341,0.00005987848891720714,0.99962221050781940868,208.41064
D,0.00195029074483888212,0.00004814598253446838,1.00156462585034033985,219.81812
D,0.00189511577220915421,0.00004744514784939380,1.00156462585034033985,219.81812
D,0.00313792890696955838,0.00004512191160882233,1.00156462585034033985,219.81812
D,0.00190418681914344273,0.00004900063514500266,1.00156462585034033985,219.81812
D,0.00128332747627049343,0.00005136862362991216,1.00000000000000000000,220.71533
D,0.00127851085729905169,0.00005122501835087966,1.00000000000000000000,220.71533
D,0.00069548963176206029,0.00005760577136191446,0.99706257982120050087,234.17358
D,0.00278003594868375496,0.00004558991645518000,0.99660256410256409243,233.27637
D,0.00307795476149676749,0.00004517094664525434,0.99660256410256409243,233.27637
D,0.00322131700819586544,0.00004488662061522023,0.99852564102564100867,233.27637
D,0.00185733665510056083,0.00004965947851544143,0.99929487179487175297,233.27637
D,0.00317783276404892245,0.00005088597934078502,0.99610472541507022459,234.17358
D,0.00285688694523555942,0.00004203585856979587,1.00018181818181806086,246.73462
D,0.00269320439057207537,0.00004190976633260217,1.00000000000000000000,247.63184
D,0.00287575939195976226,0.00004177361218122944,1.00018181818181806086,246.73462
D,0.00248147557260603932,0.00004493879538171251,1.00018181818181806086,246.73462
D,0.00507576772422136269,0.00003959819430861803,1.00018181818181806086,246.73462
D,0.00328157472797972619,0.00004859535853844380,1.00094614264919945512,246.55518
D,0.00063220511065646516,0.00005998599474343136,0.99972565157750337139,261.62842
D,0.00385573014411641317,0.00004905723126571761,0.99883879781420747968,262.70508
D,0.00220890382281400781,0.00005344175624007514,1.00109739368998629239,261.62842
D,0.00079854137886018221,0.00004779335401220942,0.99977168949771699769,261.98730
D,0.00192181276182792839,0.00005654271899370920,1.00109739368998629239,261.62842
D,0.00555226174561651575,0.00004236507334133996,0.99604409857328146671,276.70166
D,0.00226969268572233679,0.00005053315617877174,0.99896238651102464701,276.70166
D,0.00411004148973088089,0.00004488899961860367,0.99798962386511025358,276.70166
D,0.00390014736114612393,0.00004571016624095149,0.99798962386511025358,276.70166
D,0.00357220983720001311,0.00005375385690680394,0.99781128404669261478,276.70166
D,0.00303930647370153403,0.00004706143939827163,0.99896238651102464701,276.70166
D,0.00603840669845327055,0.00003973856991769646,0.99896593673965927707,295.00488
D,0.00348731777528023951,0.00004648129083329461,1.00097680097680097333,293.92822
D,0.00425646855586465922,0.00004453913151038714,1.00097680097680097333,293.92822
D,0.00388298469210341356,0.00004564212373902504,1.00097680097680097333,293.92822
D,0.00402888642732033859,0.00004559219970841470,0.99975579975579975667,293.92822
D,0.00369489961409410258,0.00004787345706667661,0.99609279609279610668,293.92822
D,0.00498514545456698460,0.00005127571896009136,0.99963924963924966072,310.88562
D,0.00799646583255980703,0.00003434446234816693,0.99645760743321720732,309.00146
D,0.00686155230001145224,0.00004736469376767596,0.99963924963924966072,310.88562
D,0.00711359092042356846,0.00003950638100982066,1.00000000000000000000,312.23145
D,0.00641303712836142729,0.00004328209345837607,1.00000000000000000000,312.23145
D,0.00781136228323972732,0.00004235639398732924,0.99963924963924966072,310.88562
D,0.00910501442563599675,0.00004346029945346893,0.99693877551020404493,329.72717
D,0.00995203817722964748,0.00003852275652965984,0.99693877551020404493,329.72717
D,0.00724996351148329311,0.00004872509221017566,0.99728997289972898255,331.07300
D,0.00940977698376072383,0.00003281059395148528,0.99668838219326827410,330.53467
D,0.01031015091851612483,0.00003756424280291410,0.99829931972789109906,329.72717
D,0.00952288990490625722,0.00004235599009408049,0.99829931972789109906,329.72717
D,0.01003475723441670832,0.00004444685059651961,1.00000000000000000000,349.91455
D,0.00987197108395509657,0.00004251811689659381,0.99967824967824969740,348.56873
D,0.00935793724355261404,0.00004079150559269946,0.99967824967824969740,348.56873
D,0.00914693235226890500,0.00004332796157810461,0.99967824967824969740,348.56873
D,0.00896066909277319634,0.00004085719933838853,0.99967824967824969740,348.56873
D,0.00819237356704528678,0.00004062666952869177,0.99912551440329211427,348.83789
D,0.00960476760244920007,0.00003756422285368553,0.99917635658914727426,370.37109
D,0.01262865445630426652,0.00003501731265957935,1.00000000000000000000,371.44775
D,0.01167898015282231410,0.00004316212986033986,1.00000000000000000000,371.44775
D,0.01164282955630902353,0.00004182737732750907,1.00000000000000000000,371.44775
D,0.01201875770672439399,0.00004031806251222764,1.00000000000000000000,371.44775
D,0.01185490419823712928,0.00003493755115829439,0.99879227053140096082,371.44775
D,0.01371479762352970436,0.00003809501947413350,0.99744027303754267955,394.32678
D,0.01167608898989268111,0.00004367533055868654,1.00000000000000000000,392.98096
D,0.01361540512661436365,0.00003156595952389948,0.99885844748858443332,392.98096
D,0.01357491814037206646,0.00004191298930190542,1.00000000000000000000,392.98096
D,0.01332450294120306189,0.00004508368165050609,1.00000000000000000000,392.98096
D,0.01364012179962536403,0.00003261750259418287,1.00000000000000000000,392.98096
D,0.01373094939741567426,0.00004577024076645684,1.00000000000000000000,414.51416
D,0.01151615822618155469,0.00004576177428592528,1.00071530758226034941,418.10303
D,0.01142830915261764356,0.00004557894932290811,0.99712643678160917116,416.30859
D,0.01391270523337213329,0.00003469729754629424,0.99865156418554479334,415.85999
D,0.01455408665334969980,0.00003442602373336973,0.99757281553398058360,415.85999
D,0.01225688724174746336,0.00003769745477509271,0.99745934959349591420,441.43066
D,0.01412909295810992061,0.00003613422025782155,0.99772036474164138564,442.77649
D,0.01320687056542138582,0.00003541828798782045,0.99745934959349591420,441.43066
D,0.01299696505569789516,0.00003465531070737590,0.99847560975609761513,441.43066
D,0.01384978053532580008,0.00003796393137288628,0.99772036474164138564,442.77649
D,0.01497733384081898975,0.00003597074799471318,0.99772036474164138564,442.77649
D,0.01418795637394720116,0.00003639042647432772,0.99782608695652175168,464.30969
D,0.01361952039942330994,0.00003559814364489318,0.99856321839080464109,468.34717
D,0.00946400113279599435,0.00005089230029619204,1.00064102564102563875,466.55273
D,0.01338094029926105259,0.00003592114662435716,0.99785100286532957270,469.69299
D,0.01501178329449572198,0.00004373819155711554,0.99745547073791351878,470.14160
D,0.01509010495682972484,0.00004120518361186665,0.99745547073791351878,470.14160
D,0.01210710978250279304,0.00004988979345187193,1.00060606060606072099,493.46924
D,0.01508086300926299826,0.00004350341336985827,1.00000000000000000000,495.26367
D,0.01438002622051703060,0.00004198932058454255,1.00000000000000000000,495.26367
D,0.01474483007735513662,0.00004430507582630295,1.00000000000000000000,495.26367
D,0.01499868812100663314,0.00004261631134563668,1.00000000000000000000,495.26367
D,0.00778751835623095641,0.00003686983797214460,0.99464285714285727291,502.44141
D,0.01359044264805429891,0.00004566729164762198,0.99774011299435028111,529.35791
D,0.01500600308519128151,0.00004480146048547640,0.99774011299435028111,529.35791
D,0.01059977885737863057,0.00004712984878128252,0.99715585893060298961,525.76904
D,0.01194824527298111311,0.00004697070195327028,0.99829931972789121009,527.56348
D,0.01186516485137502006,0.00004513957242141047,0.99829931972789121009,527.56348
D,0.01119605059268428439,0.00004731320848295528,0.99829931972789121009,527.56348
D,0.01666491748144220686,0.00004511933873726462,0.99838187702265379642,554.47998
D,0.01040522092893307951,0.00004783209924263857,1.00054112554112539790,552.68555
D,0.01440084843365907127,0.00004482231456919828,0.99946236559139789435,556.27441
D,0.01374030268966895327,0.00004677888763689122,0.99784946236559146637,556.27441
D,0.01240301055816307903,0.00004373809144908462,0.99784946236559146637,556.27441
D,0.01269445492954987195,0.00004675964877633034,0.99784946236559146637,556.27441
D,0.01146887539673717774,0.00004942528330567681,0.99948717948717946680,583.19092
D,0.01523872537935403067,0.00006766392033728934,1.00000000000000000000,592.16309
D,0.01625720950408171897,0.00006643742257488780,1.00000000000000000000,592.16309
D,0.00884395771359433071,0.00007322608517304258,1.00228310502283113337,589.47144
D,0.01344726293103832085,0.00006593552780767170,1.00000000000000000000,592.16309
D,0.01316970753532060306,0.00006847727825625667,1.00000000000000000000,592.16309
E,0.00153674372225905890,0.00012403342828856367,0.99593153759820418625,82.90283
E,0.00187845703080849209,0.00011118013272950254,0.99487476808905372927,82.90283
E,0.00110341471673012516,0.00010022818843287880,0.99280218147865195721,83.19647
E,0.00212801317289031816,0.00008445997842152807,0.99245588235294124324,83.19647
E,0.00151721654812423529,0.00009893116220493471,0.99280218147865195721,83.19647
E,0.00130855644649178256,0.00009325788406620329,0.99280218147865195721,83.19647
E,0.00254167960228049569,0.00009134455783637032,0.99223760932944604640,87.92725
E,0.00076542953454534829,0.00010472318523996507,0.99196631033365734176,87.92725
E,0.00267543547177896733,0.00007967371372756325,0.99196631033365734176,87.92725
E,0.00225096773012967589,0.00006997006703518137,0.99198250728862968906,87.92725
E,0.00234383779094662339,0.00008139069624553416,0.99591836734693883759,87.47864
E,0.00169044143026459933,0.00007953005957768147,0.99198250728862968906,87.92725
E,0.00237167862269031197,0.00005673992553486088,0.99811571940604204567,92.71240
E,0.00264304982929151801,0.00006393534549157017,0.99615498373262345577,92.86194
E,0.00186057823439639150,0.00006185483409371595,0.99242979242979245669,93.31055
E,0.00240937077870880239,0.00005718966443755723,0.99242979242979245669,93.31055
E,0.00218682896473326813,0.00005975670945873939,0.99242979242979245669,93.31055
E,-0.00037874833878360440,0.00008325413119431215,0.99349816849816841025,93.31055
E,0.00042744116664453474,0.00007298481428250855,0.99647749510763206082,98.24524
E,0.00218793466086765736,0.00005811404122217806,0.99647749510763206082,98.24524
E,0.00211520630791623473,0.00006363449513867466,0.99647749510763206082,98.24524
E,0.00116639477239598947,0.00007014938167807667,0.99647749510763206082,98.24524
E,0.00070649084780587991,0.00007443376132612662,0.99647749510763206082,98.24524
E,0.00148627600404432837,0.00006898129715106217,0.99761904761904762751,98.24524
E,0.00237887206183151926,0.00006370455714896139,0.99533794162826416674,104.30145
E,0.00255747707681847590,0.00007079089374534176,0.99927689594356261527,103.82080
E,0.00325209690163925404,0.00006282606898754136,1.00075837742504414329,103.82080
E,0.00415324756451435594,0.00005982273191331139,0.99445028011204483764,104.58984
E,0.00283051523968573526,0.00006484076127325515,0.99445028011204483764,104.58984
E,0.00107781177890797948,0.00008127577132151284,0.99754992319508450915,104.30145
E,0.00073192424285371208,0.00006997671428486863,0.99588744588744582131,109.97314
E,0.00052941883880438384,0.00006914785435258531,0.99763569763569759363,109.97314
E,-0.00089844264325158931,0.00009459630759595222,0.99089506172839503240,110.74219
E,-0.00022907973337987341,0.00008174135708998912,0.99089506172839503240,110.74219
E,-0.00039074253360747192,0.00007067432887498930,0.99169973544973544222,110.74219
E,-0.00087855360400638811,0.00007424396348236399,0.99169973544973544222,110.74219
E,0.00119678286031406800,0.00005010447141121577,0.99797482211275301278,117.08679
E,0.00255502068332549587,0.00006626973575529218,1.00038167938931299439,117.53540
E,0.00279618197864092352,0.00004781198332777242,1.01018367346938786611,117.75970
E,0.00281341735249259883,0.00005484637221833672,0.99612511671335202124,117.66357
E,0.00081558987276969487,0.00005990642295844348,0.99589795918367340910,117.75970
E,0.00251818383506268026,0.00005668429283938438,0.99612511671335202124,117.66357
E,0.00164608017519883728,0.00004753941928741380,1.00000000000000000000,123.81592
E,0.00206830226519674190,0.00004990485546134783,0.99470899470899476480,124.58496
E,0.00213980995452087890,0.00005478185495402242,1.00000000000000000000,123.81592
E,0.00345997549465522272,0.00005371305072753815,1.00000000000000000000,123.81592
E,0.00266688642285357533,0.00005534414032824664,1.00000000000000000000,123.81592
E,0.00088296703356131054,0.00005036494865634018,0.99470899470899476480,124.58496
E,0.00245318318726868738,0.00004783731663298733,0.99802283486494014486,131.50635
E,-0.00079058775225878666,0.00005376446994601216,0.99305094130675519715,132.27539
E,0.00288457067506028581,0.00005013044080197979,0.99478458049886631098,131.89087
E,0.00384753553290231951,0.00004921012054910427,0.99308390022675741005,131.89087
E,0.00346940199742920216,0.00004844297831976305,0.99478458049886631098,131.89087
E,0.00322552656523389771,0.00005033572051302316,0.99308390022675741005,131.89087
E,0.00840251132965543976,0.00003697218158478519,0.99203296703296717229,139.96582
E,0.00779253043013797969,0.00003733208148086173,0.99203296703296717229,139.96582
E,0.00654476909628947182,0.00004610869773237927,0.99709677419354836303,139.06860
E,0.00759587363935861765,0.00004175430398855686,0.99709677419354836303,139.06860
E,0.00768763773994026681,0.00004364971419344396,0.99709677419354836303,139.06860
E,0.00551934596669559005,0.00004582162241452856,0.99672454617205985539,139.19678
E,0.00975426688137102579,0.00003886621611183141,0.99888211382113833992,147.14355
E,0.00900024321914328837,0.00003691544468589865,0.99380081300813005729,147.14355
E,0.00992832739300060323,0.00003675699017690574,0.99583333333333323711,147.14355
E,0.00869165183200504288,0.00003826614819421108,0.99583333333333323711,147.14355
E,0.00760089924155282239,0.00003817081398309213,0.99583333333333323711,147.14355
E,0.00896080869028268757,0.00003827347911166205,0.99583333333333323711,147.14355
E,0.00948245966979595865,0.00003739828662523284,0.99583333333333323711,147.14355
E,0.01223266124674258354,0.00003214893720418931,1.00000000000000000000,156.11572
E,0.01263371206997433716,0.00003180576264602156,0.99808429118773955846,156.11572
E,0.01184531823451273613,0.00003172310585681918,0.99664750957854408853,156.11572
E,0.00866648061912353267,0.00003494670183551027,0.99664750957854408853,156.11572
E,0.01032506160049984079,0.00003428967543185612,0.99664750957854408853,156.11572
E,0.01177485969360933700,0.00003030481551678145,0.99664750957854408853,156.11572
E,0.01030122548966705930,0.00003676401986549842,0.99664750957854408853,156.11572
E,0.00993150321609066571,0.00003651413446514997,0.99756756756756759241,165.98511
E,0.00770484546450151114,0.00004809771232547275,0.99729729729729732490,165.98511
E,0.00207441871071026860,0.00004828000834339044,0.99108108108108095013,165.98511
E,0.00379796109694152326,0.00004570338040211564,0.99648648648648652237,165.98511
E,0.00022663479990952216,0.00006334974641649898,0.99684095860566446223,164.72900
E,0.00142817185124655176,0.00005889959370243602,0.99302832244008709672,164.72900
E,0.00888203611773970107,0.00004715925905334459,0.99266975308641969278,174.41895
E,0.00949327463674346644,0.00004078856205860236,0.99835390946502067244,174.41895
E,0.00854440485806865456,0.00003707442294614395,0.99681069958847745571,174.41895
E,0.00804803536377221920,0.00004319180030367879,0.99835390946502067244,174.41895
E,0.01011642423666269004,0.00004161714586284092,0.99835390946502067244,174.41895
E,0.00718571876192512782,0.00004472430286053982,0.99835390946502067244,174.41895
E,0.00998591644968424737,0.00004178766738162912,0.99844961240310081685,185.18555
E,0.01413852651381116224,0.00003628261891691195,0.99699612403100767999,185.18555
E,0.01091100962066580971,0.00004837917117634084,0.99695863746958646168,184.37805
E,0.01022136970568681899,0.00004637072081708424,0.99695863746958646168,184.37805
E,0.01088710099391367037,0.00004558587284807497,0.99695863746958646168,184.37805
E,0.01633092593589721003,0.00003692098573290346,0.99699612403100767999,185.18555
E,0.01233019136038420761,0.00004328173225737729,0.99417122040072847255,197.02881
E,0.01661597330023727517,0.00003448030286796111,0.99417122040072847255,197.02881
E,0.01234560296030445467,0.00004327555245415213,0.99543378995433784429,196.49048
E,0.01533274446348829347,0.00004237077162906439,0.99543378995433784429,196.49048
E,0.01279996916275638955,0.00004391013161266976,0.99543378995433784429,196.49048
E,0.01627495339241756545,0.00003394109781735883,0.99417122040072847255,197.02881
E,0.01753800291193791452,0.00003863287855580390,0.99567099567099570656,207.25708
E,0.01268098265216467332,0.00003985541339606794,0.99567099567099570656,207.25708
E,0.01600070328084302745,0.00003595020942801248,0.99567099567099570656,207.25708
E,0.01245000068591074933,0.00004165027489667310,0.99783549783549774226,207.25708
E,0.01026598174527404428,0.00004360681458626590,0.99783549783549774226,207.25708
E,0.01216999674175144562,0.00004804134684602459,0.99783549783549774226,207.25708
E,0.02388422640624127471,0.00003321819691113940,0.99545454545454536976,222.06116
E,0.01873107679678433224,0.00003613663166212199,1.00000000000000000000,220.71533
E,0.02218475113111860464,0.00003398034201479912,0.99695121951219511924,220.71533
E,0.01209515788782930534,0.00004092031433614274,1.00000000000000000000,220.71533
E,0.01970083825581150916,0.00003362196311832862,0.99695121951219511924,220.71533
E,0.01774393489147381431,0.00003416394602803218,0.99354838709677417707,222.50977
E,0.01950140458856668493,0.00003324631066085984,0.99616858237547889487,234.17358
E,0.01933202717787525435,0.00003395010347472283,0.98264150943396233462,237.76245
E,0.02153616903697930240,0.00004562740038347231,0.99487179487179489001,233.27637
E,0.02069408543734763475,0.00003428978345148797,0.99329501915708817705,234.17358
E,0.02150632631401265538,0.00003420560116416424,0.99329501915708817705,234.17358
E,0.02083950216179767875,0.00003626982855567234,0.99329501915708817705,234.17358
E,0.01453172182500945230,0.00005240209520358304,1.00121654501216550415,245.83740
E,0.01115406092551126695,0.00004342234453998836,0.99954462659380693967,246.28601
E,0.01222547148006379245,0.00004553779254114513,0.99954462659380693967,246.28601
E,0.01175447921363435497,0.00004829188130408938,0.99954462659380693967,246.28601
E,0.02447876530726036254,0.00003484722921712462,1.12738948626045409895,300.38818
E,0.01099335335711359475,0.00004062755286821748,0.99547101449275365859,247.63184
E,0.01736063574278367064,0.00004463964002981378,1.00000000000000000000,263.78174
E,0.01494235700834834098,0.00004731863677013260,0.99429223744292238862,261.98730
E,0.01723595890509609443,0.00004779188635097647,0.99429223744292238862,261.98730
E,0.01324513255089342437,0.00005013815926572413,0.99429223744292238862,261.98730
E,0.01199892112419194759,0.00004711725058425605,1.00114155251141556668,261.98730
E,0.01111146186111048456,0.00005613400229192034,0.99429223744292238862,261.98730
E,0.01108639955293899519,0.00005679478192646878,0.99429223744292238862,261.98730
E,0.01713419424130240010,0.00004882627485891718,0.99679487179487180626,279.93164
E,0.01659366391382501374,0.00004244442098687944,0.99462365591397849940,278.13721
E,0.01895577850633284669,0.00004415754021630828,0.99462365591397849940,278.13721
E,0.01678495430024563861,0.00004506773152669290,0.99462365591397849940,278.13721
E,0.01918790252295334009,0.00004178255528216253,0.99462365591397849940,278.13721
E,0.01829206400432671631,0.00004049886090745103,1.03010752688172035896,278.13721
E,0.01069968635768797638,0.00005163939364326814,0.99090909090909085055,296.08154
E,0.01580767799310844532,0.00004725946838531096,0.99897750511247451755,292.49268
E,0.01120646072344779962,0.00004858658664770344,0.99491869918699193942,294.28711
E,0.01156680094258315944,0.00004880319825729021,0.99090909090909085055,296.08154
E,0.01189660511351795999,0.00004911059416420565,0.99491869918699193942,294.28711
E,0.01263726641963831138,0.00005143348459146385,0.99491869918699193942,294.28711
E,0.01387502330469767876,0.00003739772760667162,0.98307736063708761609,315.46143
E,0.01334020888309516567,0.00004952043355330754,0.99903100775193787175,308.64258
E,0.01254301771504753860,0.00007294707810792420,0.99565217391304350336,309.53979
E,0.01157611286268160622,0.00004395814943980465,0.99518304431599224902,310.43701
E,0.01521535669494533671,0.00004394418634283424,0.99518304431599224902,310.43701
E,0.01269717560197307707,0.00006788959769011351,0.99565217391304350336,309.53979
E,0.01142969724555541709,0.00003404613220391146,0.98476645435244170024,338.07129
E,0.02144017323449866688,0.00002677969253958295,0.98541001064962718825,336.99463
E,0.02212758916243260168,0.00002732921853993257,0.98541001064962718825,336.99463
E,0.01658459478040441235,0.00006581657956228554,0.99593495934959341831,331.07300
E,0.01668488225496663965,0.00004471492607294803,0.99549549549549543048,331.97021
E,0.01404860722589649363,0.00003197324600481035,0.98476645435244170024,338.07129
G,0.00022263324319752101,0.00008318147856070295,0.99790849673202619563,196.10596
G,-0.00111911350711804908,0.00006720214274795613,0.99475284994543877737,197.16339
G,-0.00071254190547454747,0.00013235620218867729,0.99543378995433784429,196.49048
G,-0.00047058370272212171,0.00006201188642106640,0.99475284994543877737,197.16339
G,-0.00065720768117652137,0.00007578269286572348,0.99533420138888895057,196.87500
G,0.00007989662730305703,0.00006842511591045326,0.99533420138888895057,196.87500
G,0.00067149887170072330,0.00005854784598896707,1.00005125051250520762,208.41064
G,0.00015962948218568060,0.00007457726690431062,0.99987699876998770154,208.41064
G,-0.00023159163656297482,0.00006179968325997338,0.99897498974989751286,208.41064
G,-0.00013461143699373523,0.00007657884427976386,0.99987699876998770154,208.41064
G,-0.00064293506872318239,0.00006650360894595702,0.99897498974989751286,208.41064
G,0.00041749917934836059,0.00006981264277664636,0.99987699876998770154,208.41064
G,0.00161876975403907894,0.00004288088856100058,1.00000000000000000000,220.71533
G,0.00174290029551433905,0.00004061233241662114,0.99702380952380953438,221.48438
G,0.00201123482682479416,0.00005010557026857685,1.00000000000000000000,220.71533
G,0.00151397204008067547,0.00003944284449049532,0.99777464177160224423,221.38824
G,0.00126192372980375917,0.00005362376001976031,1.00000000000000000000,220.71533
G,0.00555826900482319936,0.00005280082560750531,0.99871794871794872250,233.27637
G,0.00049641278852781477,0.00006162798331254556,0.99647509578544057884,234.17358
G,0.00209184174642107782,0.00005263377547433951,0.99842836257309952597,233.78906
G,0.00106863641368965564,0.00005063446598369488,0.99842836257309952597,233.78906
G,0.00158615981076494451,0.00005482138242088973,0.99842836257309952597,233.78906
G,0.00151052753507980426,0.00005111528396807453,0.99842836257309952597,233.78906
G,0.00093775616014330821,0.00005633311034723964,0.99752321981424141306,248.40088
G,0.00186428133132960543,0.00004590935805823937,0.99802201582387339851,248.40088
G,0.00103634693117508002,0.00004964968611594722,0.99802201582387339851,248.40088
G,0.00197514947278341815,0.00004544356497799281,0.99742002063983481452,248.40088
G,0.00212681156113311929,0.00005363814175975247,1.00000000000000000000,247.63184
G,0.00310942219960099386,0.00005164901679744111,1.00000000000000000000,247.63184
G,-0.00100975658842373237,0.00006319163255065073,1.00131278538812784618,261.98730
G,0.00168165174026434130,0.00005431928958523224,0.99767918088737206350,262.88452
G,-0.00024150410512780861,0.00005723716335617394,0.99846416382252556332,262.88452
G,0.00233781746950069685,0.00005384061746152818,0.99849829351535857036,262.88452
G,-0.00132655328966262273,0.00006496269436317546,0.99846416382252556332,262.88452
G,0.00201672752422005479,0.00004828215519589991,0.99883879781420747968,262.70508
G,0.00154964424958392729,0.00005500808086061686,0.99655913978494625738,278.13721
G,0.00150672660483974633,0.00004298041456265222,0.99978494623655922435,278.13721
G,0.00024107314463314190,0.00005930861279008879,0.99651612903225805784,278.13721
G,0.00055758592126348139,0.00005702297536545291,0.99655913978494625738,278.13721
G,0.00106821715855618705,0.00005446618781750407,1.00059139784946249385,278.13721
G,0.00083761093612393144,0.00005781761382883384,1.00038709677419346278,278.13721
G,0.00229247601051544908,0.00005145414809000526,0.99896593673965927707,295.00488
G,0.00176873369170352625,0.00004767622126468304,0.99731379731379732334,293.92822
G,0.00136906462309187293,0.00005408507595472078,0.99731379731379732334,293.92822
G,0.00177857718569396860,0.00004191626402532618,0.99674796747967475685,294.28711
G,0.00235851903806852045,0.00004953969435469349,0.99731379731379732334,293.92822
G,0.00277090590219968838,0.00003983908974066297,0.99573170731707316694,294.28711
G,0.00376401271015107050,0.00005150161368697805,1.00000000000000000000,312.23145
G,0.00453615154701116421,0.00004665268579714145,1.00000000000000000000,312.23145
G,0.00605321874604844434,0.00004097543512883202,1.00000000000000000000,312.23145
G,0.00689038781382790566,0.00004636566252013341,1.00000000000000000000,312.23145
G,0.00464325865528624447,0.00004581516750060819,1.00000000000000000000,312.23145
G,0.00384324780126601984,0.00004887134951962244,1.00000000000000000000,312.23145
G,0.00222746847068200577,0.00007514278529810487,0.99728997289972898255,331.07300
G,0.00500724019130832816,0.00004169670642102366,0.99816775244299671410,330.53467
G,0.00615512177445697896,0.00003966225941014879,0.99675324675324672441,331.61133
G,0.00646132718205855335,0.00003838624486365581,0.99675324675324672441,331.61133
G,0.00680566924006165402,0.00003732562273155359,0.99816775244299671410,330.53467
G,0.00422825233072796590,0.00004334557781301843,0.99712643678160917116,351.26038
G,0.00712478201284321051,0.00004900372229841809,0.99744572158365263359,351.26038
G,0.00595382102301156204,0.00005081056489031418,0.99744572158365263359,351.26038
G,0.00549231683497610011,0.00005317716795258448,1.00000000000000000000,349.91455
G,0.00577545381040611098,0.00005156309737191111,1.00000000000000000000,349.91455
G,0.00617422630894679837,0.00004002756893732796,0.99636850152905198641,352.06787
G,0.00435867464840886034,0.00004674011397000865,0.99969696969696975053,370.10193
G,0.00537320455924779252,0.00005356353325194710,1.00000000000000000000,370.10193
G,0.00397746671037447173,0.00005811186257570631,1.00000000000000000000,370.10193
G,0.00505854734017805330,0.00004251572777013111,0.99969696969696975053,370.10193
G,0.00542594641608740592,0.00005236529379932421,1.00000000000000000000,370.10193
G,0.00722146816078359823,0.00003862120031072997,0.99828767123287676100,392.98096
G,0.00814186162482340679,0.00003602225463321938,1.00000000000000000000,392.98096
G,0.00642000465991013954,0.00003875319689253828,1.00000000000000000000,392.98096
G,0.00750688811045066313,0.00004454804245547190,0.99771689497716897765,392.98096
G,0.00609018726932332097,0.00004056982799518280,1.00000000000000000000,392.98096
G,0.00574681889424660114,0.00004000280031164295,0.99885844748858443332,392.98096
G,0.00717849154780503609,0.00003569701801660417,0.99865156418554479334,415.85999
G,0.00491723687913958683,0.00004270971730007656,0.99757281553398058360,415.85999
G,0.00890918197891598859,0.00004116079035393757,0.99784250269687169155,415.85999
G,0.00853962680006326545,0.00004090113057150887,0.99784250269687169155,415.85999
G,0.00685796407194944144,0.00003768435428728479,1.00000000000000000000,414.51416
G,0.00816025110273102365,0.00004277952368775480,0.99727334696659852842,438.73901
G,0.00650579730624180341,0.00004089502303169634,0.99931693989071046502,437.84180
G,0.00584188362602649537,0.00003614025350680878,0.99668705402650359382,440.08484
G,0.00596412582629106316,0.00004352933449509412,1.00068027210884369360,439.63623
G,0.00595472357185607235,0.00003361853056726585,0.99745934959349591420,441.43066
G,0.00663815534499440866,0.00003583298473276706,0.99668705402650359382,440.08484
G,0.00846426723809843087,0.00006222285184097994,0.99806949806949807336,464.75830
G,0.00913721611459511127,0.00010000000000000000,1.00000000000000000000,462.96387
G,0.00786265482289576385,0.00006138978972787304,0.99806949806949807336,464.75830
G,0.00818276780355921621,0.00006367075668281317,0.99615384615384616751,466.55273
G,0.00695168919790799082,0.00006839416974974182,0.99615384615384616751,466.55273
G,0.01029649550760126583,0.00005237466112600034,0.99809160305343513908,470.14160
G,0.00549572818497728356,0.00007036933903294068,1.00181818181818194091,493.46924
G,0.00811607058368089655,0.00005379196428159249,1.00000000000000000000,495.26367
G,0.00502699239122954104,0.00006954251137977283,1.00181818181818194091,493.46924
G,0.00664547944355209277,0.00006912010165377364,1.00000000000000000000,495.26367
G,0.00735246929488103662,0.00005984413216671443,1.00000000000000000000,495.26367
G,0.01049836341815120130,0.00005364583029698667,0.99640287769784174898,498.85254
G,0.00692806569446382733,0.00004576200938412319,0.99771689497716897765,523.97461
G,0.00930826559639269871,0.00003932095868766115,0.99771689497716897765,523.97461
G,0.00882810359302064161,0.00004146154508594876,0.99771689497716897765,523.97461
G,0.01007210249537431046,0.00003853645487590216,0.99771689497716897765,523.97461
G,0.00569801686686349437,0.00004626404605441596,1.00000000000000000000,522.18018
G,0.00809881113945536482,0.00004207650564360239,0.99771689497716897765,523.97461
G,0.01146391413629892393,0.00010000000000000000,1.00000000000000000000,554.47998
G,0.01038001823935189374,0.00003724961965993543,0.99784946236559146637,556.27441
G,0.01062986810557790124,0.00005284973032809440,1.00000000000000000000,554.47998
G,0.01052692284948614221,0.00003826441431302590,0.99946236559139789435,556.27441
G,0.00836660256493667112,0.00004071693313677833,0.99784946236559146637,556.27441
G,0.00663954081513995313,0.00004021935457921223,0.99541284403669727521,586.77979
G,0.00917553194886705677,0.00003852181885973318,0.99796747967479682018,588.57422
G,0.00966314180166949303,0.00003818366913646423,0.99796747967479682018,588.57422
G,0.00845080395712094305,0.00004074310090334639,0.99796747967479682018,588.57422
G,0.00384521910831995585,0.00005261428451176619,0.99796747967479682018,588.57422
G,0.00968573014732132011,0.00003796109129311392,0.99796747967479682018,588.57422
G,0.00560166445518452127,0.00006274168534814494,0.99783549783549785328,621.77124
G,0.00617065303663689134,0.00006114233386354860,0.99783549783549785328,621.77124
G,0.00725625430059479489,0.00010000000000000000,1.00000000000000000000,624.46289
G,0.00675417267336410679,0.00005789225224890590,1.00000000000000000000,624.46289
G,0.00678004138936753094,0.00005540221952547986,1.00216450216450203570,621.77124
G,0.00638912804742723488,0.00006145971839865320,1.00000000000000000000,624.46289
G,0.00878130225187672558,0.00005510250636236755,1.00000000000000000000,651.37939
G,0.00700827749762442370,0.00005984836790023299,1.00000000000000000000,656.76270
G,0.00760044084204914913,0.00005658094380017883,1.00000000000000000000,656.76270
G,0.00432919206948300436,0.00007176397973715220,1.00000000000000000000,656.76270
G,0.00794433566973283892,0.00005709127285015080,1.00000000000000000000,656.76270
G,0.00594888347291826734,0.00006430980942204965,0.99795918367346936328,659.45435
G,0.00664013925567522121,0.00006263720912568821,1.00000000000000000000,699.82910
G,0.00448581640235884947,0.00006740636664919845,0.99806949806949807336,697.13745
G,0.00496750357899667077,0.00006445916857604826,0.99806949806949807336,697.13745
G,0.00380661178671492899,0.00007273923336589744,1.00000000000000000000,699.82910
G,0.00463402821857986612,0.00006846354557235307,1.00000000000000000000,699.82910
G,0.00532457420249390825,0.00006445287645133933,0.99808429118773944744,702.52075
G,0.00331921107537502726,0.00007542468585085118,0.99637681159420288246,742.89551
G,0.00294667179780201682,0.00008046229044592528,0.99818181818181817011,740.20386
G,0.00433554950956080345,0.00007281509336820087,0.99818181818181817011,740.20386
G,0.00360966077276293285,0.00007497522006184004,0.99818181818181817011,740.20386
G,0.00394964187350679147,0.00007379720761756326,1.00000000000000000000,737.51221
G,0.00434590712238936208,0.00007028180051441982,0.99818181818181817011,740.20386
G,0.00332427288892270505,0.00007983722242416999,0.99657534246575341097,785.96191
G,0.00215668615135255429,0.00008349594429208654,0.99828178694158076212,783.27026
G,0.00238234772746876615,0.00008291893302568095,0.99828178694158076212,783.27026
G,0.00188230053181361349,0.00008334660815854585,0.99657534246575341097,785.96191
G,0.00166840311249185432,0.00009067686630406610,0.99657534246575341097,785.96191
G,0.00356652038845143128,0.00007891968320561520,0.99829351535836174936,788.65356
h_E,0.00079336560308795987,0.00010494955626664128,0.99929193899782120525,329.45801
h_E,0.00076510567636487109,0.00009473445661161364,0.99929193899782120525,329.45801
h_E,0.00026835330898507660,0.00011463731533574964,0.99929193899782120525,329.45801
h_E,0.00062099981111139214,0.00011047245618726121,0.99929193899782120525,329.45801
h_E,0.00012616393770320945,0.00011901806420410392,0.99929193899782120525,329.45801
h_E,0.00049797724426953443,0.00009403965775290189,1.00000000000000000000,349.91455
h_E,0.00107769927986328543,0.00008812409717689183,1.00289575289575294548,348.56873
h_E,0.00043198689002493405,0.00009384204898294109,1.00169753086419754950,348.83789
h_E,0.00099712676349150535,0.00008822673824892775,1.00289575289575294548,348.56873
h_E,0.00043381419931317136,0.00009926944578103051,1.00169753086419754950,348.83789
h_E,0.00087740673402167066,0.00006716786837665918,1.00169753086419754950,348.83789
h_E,0.00041003598509851697,0.00009953910161561514,1.00272727272727268932,370.10193
h_E,0.00113579824114104868,0.00008191582529021435,0.99969696969696975053,370.10193
h_E,0.00076936266974584710,0.00010233855427400727,1.00151515151515146940,370.10193
h_E,0.00086896950380312252,0.00008741047866390537,0.99969696969696975053,370.10193
h_E,0.00067662867037626077,0.00010724590821673326,0.99969696969696975053,370.10193
h_E,0.00067963968463386100,0.00009285243798667521,0.99969696969696975053,370.10193
h_E,0.00016006003642725917,0.00009989578212399283,1.00000000000000000000,392.98096
h_E,0.00142315900373019043,0.00007407759724070566,1.00257731958762885682,391.63513
h_E,0.00133991810157054999,0.00007664174591165228,1.00143184421534936490,391.63513
h_E,0.00082268049446758179,0.00007833359421076100,1.00257731958762885682,391.63513
h_E,0.00157299867936488546,0.00034811930433517813,0.99217907227615964594,415.85999
h_E,0.00073322597129962417,0.00007555931858348037,0.99757281553398058360,415.85999
h_E,0.00058477297176770223,0.00007958065550657887,0.99757281553398058360,415.85999
h_E,0.00067103800036628350,0.00007537661063539043,1.00000000000000000000,414.51416
h_E,0.00062102627580882044,0.00008108588620590323,0.99757281553398058360,415.85999
h_E,0.00128692271470648802,0.00006351068078653703,0.99757281553398058360,415.85999
h_E,0.00094277408979500624,0.00007484838057378496,1.00229357798165130689,440.08484
h_E,0.00065707862896724793,0.00010336373454096892,1.00068027210884369360,439.63623
h_E,0.00068804992338944296,0.00010255135977496026,0.99974515800203866966,440.08484
h_E,0.00090324025592910292,0.00007355035587186290,0.99974515800203866966,440.08484
h_E,0.00090321985733945835,0.00008241685640367587,0.99974515800203866966,440.08484
h_E,0.00063110984657403649,0.00009732451792462425,1.00068027210884369360,439.63623
h_E,-0.00000002723378197370,0.00009113150149951058,1.00192678227360310039,465.65552
h_E,0.00101498416594258197,0.00006647162211587212,0.99975984630163305944,467.00134
h_E,-0.00009343265910307318,0.00009086665789921093,1.00192678227360310039,465.65552
h_E,-0.00024810636349774763,0.00008426598689408542,0.99807321772639689961,465.65552
h_E,0.00182396550175921955,0.00005976067505219015,1.00192678227360310039,465.65552
h_E,0.00134261338610950883,0.00007220099175606300,0.99977293369663944311,493.91785
h_E,0.00132983245834475275,0.00007805323515330703,1.00060606060606072099,493.46924
h_E,0.00046354441455379806,0.00007912321899560917,1.00182149362477224130,492.57202
h_E,0.00191688742877967641,0.00007036899345468242,1.00060606060606072099,493.46924
h_E,-0.00003002356267921367,0.00008267119582633335,1.00182149362477224130,492.57202
h_E,0.00224309278478285667,0.00005724156983261519,1.00182149362477224130,492.57202
h_E,0.00276159676304318317,0.00006843250381557106,0.99771689497716897765,523.97461
h_E,0.00336470061455424602,0.00005848984438348244,1.00000000000000000000,522.18018
h_E,0.00279857087211040148,0.00006913508976891850,1.00000000000000000000,522.18018
h_E,0.00391952648966013232,0.00005502585498031298,1.00000000000000000000,522.18018
h_E,0.00213654256206019088,0.00007810377294507252,1.00000000000000000000,522.18018
h_E,0.00357308681568306065,0.00005715521571968951,1.00000000000000000000,522.18018
h_E,0.00248315202531354008,0.00007880179660564589,1.00054112554112539790,552.68555
h_E,0.00124859238387397794,0.00007887502126030038,0.99729437229437234436,552.68555
h_E,0.00210581087075555192,0.00008101015740281254,1.00054112554112539790,552.68555
h_E,0.00294302798469620042,0.00006505532923137680,1.00216450216450225774,552.68555
h_E,0.00253420943857105615,0.00007375843973847458,1.00054112554112539790,552.68555
h_E,0.00265913780330351984,0.00007998946894627009,1.00243902439024390461,551.78833
h_E,0.00299531176774560284,0.00006976540386891058,1.00000000000000000000,586.77979
h_E,0.00267768749452340724,0.00006674529103429596,1.00000000000000000000,586.77979
h_E,0.00241959011635384160,0.00006942657646927079,1.00000000000000000000,586.77979
h_E,0.00372272597373366713,0.00006073248336876320,1.00000000000000000000,586.77979
h_E,0.00285590472063936484,0.00006818767540080235,1.00000000000000000000,586.77979
h_E,0.00321631810318506392,0.00006444451862277032,1.00000000000000000000,586.77979
h_E,0.00260404500282553249,0.00006000915301251784,0.99759846301633048338,622.66846
h_E,0.00213465353982167459,0.00006639391298525589,0.99951830443159916939,620.87402
h_E,0.00363250049025599930,0.00005695582388666195,0.99951830443159916939,620.87402
h_E,0.00175512426297689574,0.00006597068589365903,0.99759846301633048338,622.66846
h_E,0.00270988652265652993,0.00006141157616963236,0.99951830443159916939,620.87402
h_E,0.00200939830122696343,0.00006816821587246295,0.99951830443159916939,620.87402
h_E,0.00386520930680863632,0.00005358170477844552,0.99954586739327888623,658.55713
h_E,0.00220537421666181302,0.00006495353683789883,0.99954586739327888623,658.55713
h_E,0.00324416355622419040,0.00005434213234983604,0.99954586739327888623,658.55713
h_E,0.00259231867038009142,0.00006366603401537416,0.99954586739327888623,658.55713
h_E,0.00359549183099746109,0.00005395393450415530,0.99954586739327888623,658.55713
h_E,0.00287253480374860364,0.00006646080290763503,0.99954586739327888623,658.55713
h_E,0.00351855512277189988,0.00007253447149576972,0.99806949806949807336,697.13745
h_E,0.00233172773164534372,0.00008324515745399168,0.99806949806949807336,697.13745
h_E,0.00348878924367956780,0.00007502994614826368,0.99806949806949807336,697.13745
h_E,0.00187010003216956083,0.00008803967679422731,1.00193050193050181562,697.13745
h_E,0.00319192046500030562,0.00007462663645599746,0.99806949806949807336,697.13745
h_E,0.00148504570794667952,0.00009034048095259911,1.00193050193050181562,697.13745
h_E,0.00519702818915128602,0.00006405693713422840,1.00000000000000000000,737.51221
h_E,0.00418060666793548460,0.00007108742984592351,1.00000000000000000000,737.51221
h_E,0.00549561886640957675,0.00006133940022103569,1.00000000000000000000,737.51221
h_E,0.00333407020416357468,0.00007170713774306952,0.99818181818181817011,740.20386
h_E,0.00512196539945548000,0.00006178454924220889,0.99818181818181817011,740.20386
h_E,0.00250799682175342070,0.00007758644245389588,0.99818181818181817011,740.20386
h_E,0.00378325339245174589,0.00006496873731560900,1.00000000000000000000,780.57861
h_E,0.00450920287339772602,0.00006614961829087035,0.99828178694158076212,783.27026
h_E,0.00401387603109632039,0.00006539766474860292,0.99828178694158076212,783.27026
h_E,0.00404366658402542482,0.00006525196688851973,0.99828178694158076212,783.27026
h_E,0.00372828641897354936,0.00007073557499549384,0.99828178694158076212,783.27026
h_E,0.00496790739630576308,0.00006111131262872899,0.99828178694158076212,783.27026
h_E,0.00434015396679570363,0.00007176093874816413,1.00000000000000000000,829.02832
h_E,0.00559549825713182188,0.00006418972208849698,1.00000000000000000000,829.02832
h_E,0.00388103988913268087,0.00007584143236119514,1.00000000000000000000,829.02832
h_E,0.00467911350349774387,0.00006868097056371108,1.00000000000000000000,829.02832
h_E,0.00493362644559369734,0.00006599903408311658,1.00000000000000000000,829.02832
h_E,0.00463336730299959091,0.00006655308209518682,1.00000000000000000000,829.02832
h_E,0.00408735642417017500,0.00007322455333245505,1.00000000000000000000,877.47803
h_E,0.00291039441826821278,0.00008255561109120975,1.00000000000000000000,877.47803
h_E,0.00124902925541858214,0.00009388233797717360,1.00000000000000000000,877.47803
h_E,0.00122509308800538468,0.00009422566226950851,1.00000000000000000000,877.47803
h_E,0.00516096154574130408,0.00006531814471606099,1.00000000000000000000,877.47803
h_E,0.00417112085760284676,0.00007240239061216902,1.00000000000000000000,877.47803
h_E,0.00363012828441941016,0.00006772633668972995,1.00143266475644709956,939.38599
h_E,0.00665485530014110933,0.00006156527691735203,1.00000000000000000000,936.69434
h_E,0.00746864799420504655,0.00005451692656544706,1.00000000000000000000,936.69434
h_E,0.00545809269453394023,0.00006324923425585529,1.00144092219020164336,934.00269
h_E,0.00448342288995267658,0.00005749381035668263,1.00144092219020164336,934.00269
h_E,0.00353498843369304564,0.00007112976649877685,0.99855907780979824562,934.00269
h_E,0.00406526671777542557,0.00007018209035627657,0.99863760217983643663,987.83569
h_E,0.00505766734751467422,0.00005820723421273209,0.99863760217983643663,987.83569
h_E,0.00555499198077845022,0.00006153605350957127,0.99863760217983643663,987.83569
h_E,0.00509113656251667344,0.00006045876533354788,0.99863760217983643663,987.83569
h_E,0.00455020619760865535,0.00006645217155539033,0.99863760217983643663,987.83569
h_E,0.00591429354600340757,0.00005744746734554997,0.99863760217983643663,987.83569
h_E,0.00806909773825175390,0.00010000000000000000,1.00000000000000000000,1049.74365
h_E,0.00712733854458088602,0.00010000000000000000,1.00000000000000000000,1049.74365
h_E,0.00861875608213230268,0.00010000000000000000,1.00000000000000000000,1049.74365
h_E,0.00831352232809022193,0.00010000000000000000,1.00000000000000000000,1049.74365
h_E,0.00802514857912755945,0.00010000000000000000,1.00000000000000000000,1049.74365
h_E,0.00796332227744802994,0.00010000000000000000,1.00000000000000000000,1049.74365
h_E,0.00915588686433225184,0.00010000000000000000,1.00000000000000000000,1108.95996
h_E,0.00856666216024203585,0.00010000000000000000,1.00000000000000000000,1108.95996
h_E,0.00871227049066470270,0.00010000000000000000,1.00000000000000000000,1108.95996
h_E,0.00886693485146437116,0.00010000000000000000,1.00000000000000000000,1108.95996
h_E,0.00683628031379313831,0.00010000000000000000,1.00000000000000000000,1108.95996
h_E,0.00757678870557920454,0.00010000000000000000,1.00000000000000000000,1108.95996
h_E,0.00726652409318421112,0.00010000000000000000,1.00000000000000000000,1178.94287
h_E,0.00743902206249014847,0.00010000000000000000,1.00000000000000000000,1173.55957
h_E,0.00734239699498269015,0.00010000000000000000,1.00000000000000000000,1178.94287
h_E,0.00625164597718370126,0.00010000000000000000,1.00000000000000000000,1178.94287
h_E,0.00695192520853714011,0.00010000000000000000,1.00000000000000000000,1178.94287
h_E,0.00882546103937128720,0.00010000000000000000,1.00000000000000000000,1178.94287
h_E,0.00826049679714739062,0.00010000000000000000,1.00000000000000000000,1238.15918
h_E,0.00697867015388887839,0.00010000000000000000,1.00000000000000000000,1238.15918
h_E,0.00706754138581753080,0.00010000000000000000,1.00000000000000000000,1243.54248
h_E,0.00643372936299766839,0.00010000000000000000,1.00000000000000000000,1238.15918
h_E,0.00913152120909019316,0.00010000000000000000,1.00000000000000000000,1243.54248
h_E,0.00690166754623755627,0.00010000000000000000,1.00000000000000000000,1238.15918
h_E,0.01149842473067143496,0.00010000000000000000,1.00000000000000000000,1318.90869
h_E,0.00871324163419007723,0.00010000000000000000,1.00000000000000000000,1318.90869
h_E,0.01015145533840666574,0.00010000000000000000,1.00000000000000000000,1318.90869
h_E,0.00888749181637567449,0.00010000000000000000,1.00000000000000000000,1318.90869
h_E,0.01132024105371191164,0.00010000000000000000,1.00000000000000000000,1318.90869
h_E,0.00985801218464306059,0.00010000000000000000,1.00000000000000000000,1318.90869
