-8.707704E-05,0.000116968,0.9956408,110.3577
-0.0004163916,0.0001281293,0.9955435,110.3577
-0.0008085815,0.0001146404,0.9956408,110.3577
-0.001096632,0.0001147458,0.9945477,110.6024
0.0002969457,0.0001048365,0.9955435,110.3577
-0.0001351552,0.0001114701,0.9956408,110.3577
-0.0001546597,0.0001020594,1.000244,116.8176
-0.0006074535,0.0001039778,1.000578,116.8176
0.0001344248,0.0001071377,1.000244,116.8176
5.668547E-05,0.0001014567,1.000244,116.8176
0.000594705,9.883693E-05,1.000244,116.8176
0.0002948679,9.509573E-05,0.9977509,117.356
-0.00117219,7.952523E-05,1,123.8159
-0.0007839251,8.105663E-05,1,123.8159
-0.0006463269,8.172204E-05,1,123.8159
-0.0008612375,7.563512E-05,1,123.8159
-0.000133175,9.218301E-05,0.998913,123.8159
-0.0006631762,8.726874E-05,1,123.8159
-8.88262E-05,6.661589E-05,0.9950992,131.5918
0.0007315348,6.73073E-05,0.999788,130.9937
0.0008423582,7.095607E-05,0.999788,130.9937
-1.435444E-05,6.603159E-05,0.9967652,131.3525
0.0006846014,7.636529E-05,0.9991357,130.9937
3.824685E-05,7.553433E-05,0.9991357,130.9937
0.001335201,5.359187E-05,0.9957269,139.2929
0.0008618474,6.881872E-05,1.000763,138.62
0.0007703128,7.013585E-05,1.000763,138.62
0.0006087736,6.91088E-05,1.000069,138.62
0.0006282977,7.318494E-05,1.000763,138.62
0.0006806933,6.063436E-05,0.9959057,139.3677
0.001383644,5.613379E-05,0.9976136,147.3679
0.001606617,5.419041E-05,0.9953305,147.3679
0.001687622,6.50264E-05,0.9968711,146.8872
0.002000393,6.136056E-05,0.9968711,146.8872
0.001800758,5.976146E-05,0.9979182,146.8872
0.00190969,5.350862E-05,0.9976136,147.3679
0.0008977911,5.51154E-05,1,156.1157
0.001204203,5.078586E-05,1,156.1157
0.001646829,4.982656E-05,1.00119,155.3467
0.001409276,4.932862E-05,0.9981937,156.1157
0.001148594,5.168249E-05,1,156.1157
0.001033946,4.615819E-05,0.9991379,156.1157
5.961543E-05,6.049218E-05,0.998361,165.3442
-0.0002640834,6.717141E-05,0.9996377,165.0879
0.000985882,5.595628E-05,1.002359,164.5752
-0.0003821114,6.8676E-05,0.9996377,165.0879
-0.0006794619,7.56986E-05,0.9996377,165.0879
-0.0007558198,6.246327E-05,0.998361,165.3442
0.00395157,5.072991E-05,0.9947577,175.3418
0.002583352,5.631345E-05,0.9960684,174.9573
0.001672289,5.533443E-05,0.9960684,174.9573
0.001312873,5.789839E-05,0.9960684,174.9573
0.002254331,5.542091E-05,0.9960684,174.9573
0.001756384,5.720339E-05,0.9960684,174.9573
0.005189558,4.336013E-05,0.9962963,185.7239
0.006048976,4.12993E-05,0.99911,184.8267
0.006565001,4.77842E-05,0.9969961,185.1855
0.006747577,3.950677E-05,0.9968073,185.3394
0.006891695,3.531057E-05,0.9975598,185.3394
0.006824256,3.888864E-05,0.9968073,185.3394
0.002477974,4.709941E-05,0.9934408,197.644
0.004509415,4.685027E-05,0.9964992,196.4905
0.005612575,4.354095E-05,0.9964992,196.4905
0.00634001,3.825197E-05,0.9964992,196.4905
0.005558625,4.363896E-05,0.9964992,196.4905
0.004884982,4.60943E-05,0.9964992,196.4905
0.005321249,3.615977E-05,0.9896552,208.1543
0.005202848,3.545601E-05,0.9896552,208.1543
0.005793007,4.071533E-05,0.9939655,208.1543
0.005294136,3.974792E-05,0.9939655,208.1543
0.005582675,3.971561E-05,0.9939655,208.1543
0.006338289,4.429053E-05,0.9944732,207.7954
0.002558868,0.0009254662,1.01626,73.57178
0.01064582,3.469745E-05,1,220.7153
0.0106166,2.913825E-05,1,220.7153
0.01010619,2.825506E-05,0.9969512,220.7153
0.01018397,3.346637E-05,0.9963415,220.7153
0.009786314,3.918498E-05,1,220.7153
0.01017212,3.700051E-05,0.9962963,232.5586
0.012976,3.211467E-05,0.9953149,233.6353
0.01180753,3.322722E-05,0.9953149,233.6353
0.01236492,3.290766E-05,0.9953149,233.6353
0.01249353,3.254711E-05,0.9953149,233.6353
0.01224149,3.449398E-05,0.9953149,233.6353
0.01268761,3.284121E-05,0.9953149,233.6353
0.01039647,4.115207E-05,0.9987627,246.5552
0.01144033,3.552788E-05,0.9987627,246.5552
0.01135526,3.613078E-05,0.9987627,246.5552
0.01111189,3.624978E-05,0.9987627,246.5552
0.01202701,3.582911E-05,0.9987627,246.5552
0.01157616,3.655352E-05,0.9987627,246.5552
0.005884899,4.906884E-05,0.9947404,262.7051
0.008362612,3.625999E-05,0.9969822,261.6284
0.008549744,3.759445E-05,0.9956104,261.6284
0.008464267,4.154194E-05,0.9956104,261.6284
0.008742026,3.791735E-05,0.9956104,261.6284
0.008675532,3.676278E-05,0.9956104,261.6284
0.01119584,3.395449E-05,0.9924396,279.1626
0.009664558,4.282057E-05,0.9958656,277.7783
0.00938738,4.246065E-05,0.9958656,277.7783
0.009529848,4.268544E-05,0.9958656,277.7783
0.009205732,4.94444E-05,0.9967638,277.24
0.009803186,5.102684E-05,0.9967638,277.24
0.01078015,3.708E-05,0.9960928,293.9282
0.01125736,3.781566E-05,0.9960928,293.9282
0.01090527,3.65784E-05,0.9960928,293.9282
0.008901348,4.772135E-05,0.9969419,293.3899
0.008844404,4.137103E-05,0.9969419,293.3899
0.01011505,3.891246E-05,0.9960928,293.9282
0.00982319,3.755641E-05,0.9954286,314.0259
0.00810221,3.811072E-05,0.9939828,313.1287
0.008155828,4.47147E-05,0.996408,312.2314
0.008646829,4.621159E-05,0.9985632,312.2314
0.01010738,3.508959E-05,0.9942857,314.0259
0.007290578,4.86234E-05,0.9996393,310.8856
0.01172244,4.104861E-05,0.99729,331.073
0.009269399,4.262372E-05,0.9982993,329.7272
0.01019154,4.153946E-05,0.9982993,329.7272
0.008668633,4.301875E-05,0.9982993,329.7272
0.008477934,4.167015E-05,0.9982993,329.7272
0.009010221,4.359516E-05,0.99729,331.073
0.01024513,0.0007384977,0.9873475,353.1445
0.00757094,4.561036E-05,0.9971265,351.2604
0.006682173,4.695012E-05,1,349.9146
0.007589399,4.345871E-05,1,349.9146
0.007163308,4.48372E-05,1,349.9146
0.007207337,4.512736E-05,1,349.9146
0.009562884,5.408881E-05,0.9967949,373.2422
0.007555033,5.751876E-05,1,371.4478
0.007815588,5.63638E-05,0.9967949,373.2422
0.006756685,5.823994E-05,1,371.4478
0.00765651,5.637139E-05,1,371.4478
0.006735031,5.879319E-05,1,371.4478
0.008180456,4.492475E-05,0.9929991,397.2876
0.006502591,4.616493E-05,0.9938859,396.2109
0.007195476,5.91222E-05,0.9969697,394.7754
0.00631283,6.012638E-05,0.9969697,394.7754
0.006353757,5.843239E-05,0.9969697,394.7754
0.007440334,4.488924E-05,0.9929991,397.2876
0.002322587,7.308447E-05,0.9964235,418.103
0.00561528,6.139394E-05,0.9964235,418.103
0.005735382,6.12652E-05,1,419.8975
0.007206054,5.827453E-05,0.9992816,416.3086
0.00200978,7.345226E-05,0.9964235,418.103
0.003386977,6.782752E-05,0.9978632,419.8975
0.004625353,5.098377E-05,0.9977477,448.1598
0.002764241,5.302785E-05,0.9944779,446.814
0.006383447,4.433971E-05,0.9942095,445.4681
0.00463558,5.699431E-05,0.9973009,443.2251
0.006421899,4.315598E-05,0.99572,445.4681
-2.428763E-05,6.264682E-05,0.9944779,446.814
0.001354157,5.270943E-05,1.000843,246.9589
0.001140559,5.485126E-05,0.9996324,246.9589
0.000188329,6.945063E-05,1.001752,246.9589
0.001863146,7.367338E-05,1.002277,246.286
0.0007166904,8.527919E-05,0.9995726,262.4359
0.0001527689,9.120634E-05,1.003436,261.0901
0.0009783385,0.0001063792,1.001142,261.9873
8.161155E-06,9.394222E-05,1.003436,261.0901
0.0003328309,0.0001104789,1.001142,261.9873
-0.0003907973,5.969392E-05,1.001539,277.6245
0.0001572886,8.386475E-05,1.003236,277.24
-0.0004702818,7.17829E-05,1.001477,277.6245
-3.715405E-05,8.877135E-05,1.003236,277.24
-0.0005209852,7.354275E-05,1.001477,277.6245
-0.0008001518,9.401997E-05,1.002193,277.6245
0.001158534,6.691388E-05,1.000762,294.2871
0.0006973235,6.068911E-05,1.000366,294.2871
-0.0001393703,6.113836E-05,1.000366,294.2871
-8.045963E-06,6.358896E-05,1.000366,294.2871
0.0007437995,6.81368E-05,1.000762,294.2871
0.002666889,4.672517E-05,1.001614,311.3342
0.003240966,4.214852E-05,1.000461,311.3342
0.003130329,4.621051E-05,1.000461,311.3342
0.002770031,4.353004E-05,0.998732,311.3342
0.00289691,4.591007E-05,0.998732,311.3342
0.002551724,4.58477E-05,1.000461,311.3342
0.003790613,4.489176E-05,0.9973913,330.1758
0.003680836,4.187823E-05,0.9973913,330.1758
0.002111771,4.535765E-05,0.9984741,329.2786
0.003249025,4.327239E-05,0.9984741,329.2786
0.004728774,5.871873E-05,1.003436,348.1201
0.003851575,4.519715E-05,1.001029,348.8379
0.005378958,5.05424E-05,1.002058,348.8379
0.003845824,4.568339E-05,1.001029,348.8379
0.007159011,3.759082E-05,1.002315,348.8379
0.004803004,3.667009E-05,0.9991764,370.3711
0.002954229,6.171865E-05,1.001458,369.2944
0.002497105,5.016979E-05,1.00164,369.2944
0.004265192,5.142217E-05,0.9965987,369.2944
0.001960061,5.420802E-05,1.001336,369.2944
0.003616861,3.811452E-05,0.9968902,369.2944
0.005831174,3.35513E-05,0.9992216,391.9043
0.006527349,3.736228E-05,0.9994849,391.9043
0.006144206,3.229965E-05,0.9992216,391.9043
0.006896201,3.665788E-05,0.9994849,391.9043
0.005058373,3.711768E-05,0.9992216,391.9043
0.006486959,3.874904E-05,0.9994849,391.9043
0.007286382,4.978088E-05,1,414.5142
0.006110799,5.207803E-05,1,414.5142
0.007840171,4.424616E-05,1,414.5142
0.007802699,4.830359E-05,1,414.5142
0.008093593,4.398232E-05,1,414.5142
0.006233683,3.893208E-05,0.9997451,440.0848
0.006047083,3.759747E-05,0.9997451,440.0848
0.00635722,4.890788E-05,1,440.0848
0.006605712,3.791009E-05,0.9997451,440.0848
0.006697267,4.809286E-05,1,440.0848
0.006988869,3.838438E-05,0.9997451,440.0848
0.008766598,4.19879E-05,0.9980732,465.6555
0.008938697,3.293808E-05,0.9987923,464.3097
0.008044473,4.374194E-05,0.9980732,465.6555
0.009268309,3.274712E-05,1.000242,464.3097
0.007435101,3.575354E-05,0.9980732,465.6555
0.008638713,3.346861E-05,0.9987923,464.3097
0.009837999,4.120023E-05,1,495.2637
0.008231363,3.220758E-05,1.001135,493.9178
0.008099828,3.370714E-05,0.9997729,493.9178
0.008315821,3.450406E-05,0.9997729,493.9178
0.007829008,3.639155E-05,0.9997729,493.9178
0.00930653,3.41707E-05,0.9997729,493.9178
0.008530146,4.409703E-05,1,522.1802
0.01031952,4.062682E-05,1,522.1802
0.01039277,3.835742E-05,1.002299,520.3857
0.008975391,4.073501E-05,1.000575,520.3857
0.01079577,5.513422E-05,1.002591,519.4885
0.009611524,4.024285E-05,0.9982818,522.1802
0.0101326,3.798436E-05,1,554.48
0.009040772,4.059779E-05,1,554.48
0.01022012,4.063142E-05,1,554.48
0.009089736,5.552184E-05,1,554.48
0.009969723,3.749002E-05,0.9983819,554.48
0.008419245,4.149995E-05,1,554.48
0.01078241,5.562972E-05,1,586.7798
0.009759818,5.599417E-05,1.001534,584.9854
0.01133494,5.266975E-05,1,586.7798
0.008188738,6.071912E-05,1.001534,584.9854
0.008944866,3.852706E-05,1.000511,584.9854
0.01116433,5.69825E-05,1,586.7798
0.008816014,5.871253E-05,1,624.4629
0.01115534,5.590495E-05,1,624.4629
0.008995459,5.55329E-05,1.001441,622.6685
0.007856198,5.889192E-05,1.001441,622.6685
0.008735367,4.11907E-05,1.00048,622.6685
0.009542919,5.870613E-05,1.001441,622.6685
0.01091512,5.336615E-05,1.00137,654.9683
0.009279511,3.961588E-05,0.9981835,658.5571
0.01191375,3.723566E-05,1,656.7627
0.009294321,3.85513E-05,1,656.7627
0.01164699,3.734876E-05,1,656.7627
0.009322095,4.084241E-05,1,656.7627
0.01113119,5.263016E-05,1,699.8291
0.006969248,5.709254E-05,1.00193,697.1375
0.008069759,5.378349E-05,1.00193,697.1375
0.007450299,5.588905E-05,1,699.8291
0.009743936,0.0001,1,699.8291
0.008173739,5.703521E-05,1,699.8291
0.00876311,5.316949E-05,1,737.5122
0.006500577,5.903638E-05,1.001832,734.8206
0.006992791,5.55917E-05,0.9981685,734.8206
0.007716446,5.910718E-05,1,737.5122
0.01002269,5.325378E-05,1,737.5122
0.006367079,6.290588E-05,1,737.5122
0.006902174,5.869192E-05,1.001718,783.2703
0.005062595,6.4491E-05,1,785.9619
0.006931976,5.769105E-05,1.001718,783.2703
0.00559976,6.122931E-05,1.001718,783.2703
0.005452694,6.235329E-05,0.9982818,783.2703
0.004797637,6.559125E-05,1.001718,783.2703
0.007561049,5.855755E-05,1,829.0283
0.00402352,7.270046E-05,1,829.0283
0.007284963,6.025428E-05,1,829.0283
0.003473678,7.44463E-05,1,829.0283
0.006940023,6.127856E-05,1,829.0283
0.006305438,6.343913E-05,1,829.0283
0.004812484,6.598867E-05,1,882.8613
0.00198364,8.128486E-05,1.001529,880.1697
0.004928659,6.034769E-05,1.001529,880.1697
0.002276018,8.070201E-05,0.998471,880.1697
0.004240651,6.275074E-05,0.998471,880.1697
0.004194726,6.401222E-05,1,882.8613
0.006349562,6.935078E-05,1,931.311
0.003251357,7.616807E-05,1,931.311
0.003304217,7.828141E-05,1.001449,928.6194
0.001308134,9.250888E-05,0.9985507,928.6194
0.003541025,7.689394E-05,1.001449,928.6194
0.002113398,8.598835E-05,1,931.311
0.002552822,8.036262E-05,1.001362,987.8357
0.002601807,7.370595E-05,0.9986376,987.8357
0.0022494,7.98956E-05,1,985.144
0.002225724,7.570859E-05,0.9986376,987.8357
0.002577644,7.042397E-05,1,985.144
0.001476751,8.914286E-05,1,990.5273
0.000696013,0.0001007043,0.9972628,147.5024
0.001245713,0.0001096408,0.9992596,147.1436
0.001253029,9.52785E-05,0.9991344,147.1436
0.000789648,8.961455E-05,0.9971194,147.5024
0.0004187326,0.0001095431,0.9970697,147.5024
0.0009826163,0.0001050489,0.9982197,147.1436
-0.0003738044,0.0001150355,1,156.1157
6.476082E-05,9.688476E-05,1,156.1157
2.932481E-05,0.0001002646,0.9993842,156.1157
-0.0002294992,0.0001155365,0.9993842,156.1157
-0.0003875655,0.0001061004,0.9993842,156.1157
-0.000359662,0.000100536,1,156.1157
-0.0001503655,0.0001037716,0.9990598,165.5365
0.0006068634,0.0002580363,0.9960167,82.76825
-6.245101E-05,9.171025E-05,0.9985676,165.5365
-0.0001472235,8.961878E-05,1.002133,164.8636
-0.0004799974,9.148428E-05,1.002133,164.8636
-0.0001147858,9.468935E-05,1.002555,164.8636
-0.002032658,0.0001187389,0.9967766,174.9573
-0.001490868,0.0001239736,0.9967556,174.9573
-0.0009026756,0.0001162445,0.9967556,174.9573
-0.000673091,0.0001097345,0.9967556,174.9573
-0.001236948,0.000121211,0.9967556,174.9573
-0.001956081,0.0001124713,0.997326,174.9573
-0.0008769337,9.653613E-05,0.9968682,185.3394
-0.0002801071,8.787459E-05,0.9968682,185.3394
0.001731691,0.0001,1,732.1289
0.0002377605,8.301363E-05,0.9968682,185.3394
-0.0003252186,8.910736E-05,0.9968682,185.3394
-8.862292E-05,8.645492E-05,0.9968682,185.3394
-0.0004355113,8.888931E-05,0.9968682,185.3394
-0.0009119706,8.231787E-05,0.9986742,196.106
0.0001169588,7.168863E-05,0.9980205,196.106
-0.0001432856,8.472423E-05,0.9973638,196.106
-8.910592E-05,7.388007E-05,0.9980205,196.106
-7.830573E-05,8.575794E-05,0.9973638,196.106
-0.0007623944,8.125208E-05,0.9986742,196.106
-0.0004091092,7.240695E-05,0.9997126,208.1543
0.0004999577,6.646507E-05,0.9994055,208.4106
0.0003302319,5.877387E-05,0.9996222,208.4106
0.0002711487,5.944471E-05,0.9986997,208.4106
-0.0002341547,7.115619E-05,0.9997126,208.1543
0.000270286,5.987849E-05,0.9996222,208.4106
0.001950291,4.814598E-05,1.001565,219.8181
0.001895116,4.744515E-05,1.001565,219.8181
0.003137929,4.512191E-05,1.001565,219.8181
0.001904187,4.900064E-05,1.001565,219.8181
0.001283327,5.136862E-05,1,220.7153
0.001278511,5.122502E-05,1,220.7153
0.0006954896,5.760577E-05,0.9970626,234.1736
0.002780036,4.558992E-05,0.9966025,233.2764
0.003077955,4.517095E-05,0.9966025,233.2764
0.003221317,4.488662E-05,0.9985256,233.2764
0.001857337,4.965948E-05,0.9992949,233.2764
0.003177833,5.088598E-05,0.9961047,234.1736
0.002856887,4.203586E-05,1.000182,246.7346
0.002693204,4.190977E-05,1,247.6318
0.002875759,4.177361E-05,1.000182,246.7346
0.002481475,4.49388E-05,1.000182,246.7346
0.005075768,3.95982E-05,1.000182,246.7346
0.003281575,4.859536E-05,1.000946,246.5552
0.0006322051,5.9986E-05,0.9997256,261.6284
0.00385573,4.905723E-05,0.9988388,262.7051
0.002208904,5.344176E-05,1.001097,261.6284
0.0007985414,4.779335E-05,0.9997717,261.9873
0.001921813,5.654272E-05,1.001097,261.6284
0.005552262,4.236507E-05,0.9960441,276.7017
0.002269693,5.053316E-05,0.9989624,276.7017
0.004110042,4.4889E-05,0.9979896,276.7017
0.003900147,4.571017E-05,0.9979896,276.7017
0.00357221,5.375386E-05,0.9978113,276.7017
0.003039306,4.706144E-05,0.9989624,276.7017
0.006038407,3.973857E-05,0.9989659,295.0049
0.003487318,4.648129E-05,1.000977,293.9282
0.004256469,4.453913E-05,1.000977,293.9282
0.003882985,4.564212E-05,1.000977,293.9282
0.004028887,4.55922E-05,0.9997558,293.9282
0.0036949,4.787346E-05,0.9960928,293.9282
0.004985145,5.127572E-05,0.9996393,310.8856
0.007996466,3.434446E-05,0.9964576,309.0015
0.006861552,4.736469E-05,0.9996393,310.8856
0.007113591,3.950638E-05,1,312.2314
0.006413037,4.328209E-05,1,312.2314
0.007811362,4.235639E-05,0.9996393,310.8856
0.009105015,4.34603E-05,0.9969388,329.7272
0.009952039,3.852276E-05,0.9969388,329.7272
0.007249963,4.872509E-05,0.99729,331.073
0.009409777,3.281059E-05,0.9966884,330.5347
0.01031015,3.756424E-05,0.9982993,329.7272
0.00952289,4.235599E-05,0.9982993,329.7272
0.01003476,4.444685E-05,1,349.9146
0.009871971,4.251812E-05,0.9996783,348.5687
0.009357938,4.079151E-05,0.9996783,348.5687
0.009146933,4.332796E-05,0.9996783,348.5687
0.008960669,4.08572E-05,0.9996783,348.5687
0.008192373,4.062667E-05,0.9991255,348.8379
0.009604768,3.756422E-05,0.9991764,370.3711
0.01262865,3.501731E-05,1,371.4478
0.01167898,4.316213E-05,1,371.4478
0.01164283,4.182738E-05,1,371.4478
0.01201876,4.031806E-05,1,371.4478
0.0118549,3.493755E-05,0.9987923,371.4478
0.0137148,3.809502E-05,0.9974403,394.3268
0.01167609,4.367533E-05,1,392.981
0.01361541,3.156596E-05,0.9988585,392.981
0.01357492,4.191299E-05,1,392.981
0.0133245,4.508368E-05,1,392.981
0.01364012,3.26175E-05,1,392.981
0.01373095,4.577024E-05,1,414.5142
0.01151616,4.576178E-05,1.000715,418.103
0.01142831,4.557895E-05,0.9971265,416.3086
0.0139127,3.46973E-05,0.9986516,415.86
0.01455409,3.442602E-05,0.9975728,415.86
0.01225689,3.769745E-05,0.9974594,441.4307
0.01412909,3.613422E-05,0.9977204,442.7765
0.01320687,3.541829E-05,0.9974594,441.4307
0.01299697,3.465531E-05,0.9984756,441.4307
0.01384978,3.796393E-05,0.9977204,442.7765
0.01497733,3.597075E-05,0.9977204,442.7765
0.01418796,3.639043E-05,0.9978261,464.3097
0.01361952,3.559814E-05,0.9985632,468.3472
0.009464001,5.08923E-05,1.000641,466.5527
0.01338094,3.592115E-05,0.997851,469.693
0.01501178,4.373819E-05,0.9974555,470.1416
0.01509011,4.120518E-05,0.9974555,470.1416
0.01210711,4.988979E-05,1.000606,493.4692
0.01508086,4.350341E-05,1,495.2637
0.01438003,4.198932E-05,1,495.2637
0.01474483,4.430508E-05,1,495.2637
0.01499869,4.261631E-05,1,495.2637
0.007787518,3.686984E-05,0.9946429,502.4414
0.01359044,4.566729E-05,0.9977401,529.3579
0.015006,4.480146E-05,0.9977401,529.3579
0.01059978,4.712985E-05,0.9971558,525.769
0.01194825,4.69707E-05,0.9982993,527.5635
0.01186517,4.513957E-05,0.9982993,527.5635
0.01119605,4.731321E-05,0.9982993,527.5635
0.01666492,4.511934E-05,0.9983819,554.48
0.01040522,4.78321E-05,1.000541,552.6855
0.01440085,4.482231E-05,0.9994624,556.2744
0.0137403,4.677889E-05,0.9978495,556.2744
0.01240301,4.373809E-05,0.9978495,556.2744
0.01269445,4.675965E-05,0.9978495,556.2744
0.01146888,4.942528E-05,0.9994872,583.1909
0.01523873,6.766392E-05,1,592.1631
0.01625721,6.643742E-05,1,592.1631
0.008843957,7.322609E-05,1.002283,589.4714
0.01344726,6.593553E-05,1,592.1631
0.01316971,6.847727E-05,1,592.1631
0.001536744,0.0001240334,0.9959316,82.90283
0.001878457,0.0001111801,0.9948748,82.90283
0.001103415,0.0001002282,0.9928022,83.19647
0.002128013,8.445998E-05,0.9924559,83.19647
0.001517217,9.893116E-05,0.9928022,83.19647
0.001308556,9.325788E-05,0.9928022,83.19647
0.00254168,9.134455E-05,0.9922376,87.92725
0.0007654295,0.0001047232,0.9919663,87.92725
0.002675436,7.967371E-05,0.9919663,87.92725
0.002250968,6.997007E-05,0.9919825,87.92725
0.002343838,8.13907E-05,0.9959184,87.47864
0.001690441,7.953006E-05,0.9919825,87.92725
0.002371679,5.673993E-05,0.9981157,92.7124
0.00264305,6.393535E-05,0.996155,92.86194
0.001860578,6.185484E-05,0.9924298,93.31055
0.002409371,5.718966E-05,0.9924298,93.31055
0.002186829,5.975671E-05,0.9924298,93.31055
-0.0003787483,8.325413E-05,0.9934981,93.31055
0.0004274412,7.298481E-05,0.9964775,98.24524
0.002187935,5.811404E-05,0.9964775,98.24524
0.002115206,6.363449E-05,0.9964775,98.24524
0.001166395,7.014938E-05,0.9964775,98.24524
0.0007064908,7.443376E-05,0.9964775,98.24524
0.001486276,6.89813E-05,0.997619,98.24524
0.002378872,6.370456E-05,0.995338,104.3015
0.002557477,7.079089E-05,0.9992769,103.8208
0.003252097,6.282607E-05,1.000758,103.8208
0.004153247,5.982273E-05,0.9944503,104.5898
0.002830515,6.484076E-05,0.9944503,104.5898
0.001077812,8.127577E-05,0.99755,104.3015
0.0007319243,6.997671E-05,0.9958875,109.9731
0.0005294188,6.914786E-05,0.9976357,109.9731
-0.0008984426,9.459631E-05,0.990895,110.7422
-0.0002290797,8.174136E-05,0.990895,110.7422
-0.0003907425,7.067433E-05,0.9916998,110.7422
-0.0008785536,7.424397E-05,0.9916998,110.7422
0.001196783,5.010447E-05,0.9979748,117.0868
0.002555021,6.626973E-05,1.000382,117.5354
0.002796182,4.781198E-05,1.010184,117.7597
0.002813417,5.484637E-05,0.9961251,117.6636
0.0008155899,5.990642E-05,0.9958979,117.7597
0.002518184,5.668429E-05,0.9961251,117.6636
0.00164608,4.753942E-05,1,123.8159
0.002068302,4.990485E-05,0.994709,124.585
0.00213981,5.478186E-05,1,123.8159
0.003459976,5.371305E-05,1,123.8159
0.002666886,5.534414E-05,1,123.8159
0.000882967,5.036495E-05,0.994709,124.585
0.002453183,4.783731E-05,0.9980229,131.5063
-0.0007905877,5.376447E-05,0.9930509,132.2754
0.002884571,5.013044E-05,0.9947846,131.8909
0.003847535,4.921012E-05,0.9930839,131.8909
0.003469402,4.844298E-05,0.9947846,131.8909
0.003225527,5.033572E-05,0.9930839,131.8909
0.008402511,3.697218E-05,0.9920329,139.9658
0.007792531,3.733208E-05,0.9920329,139.9658
0.006544769,4.61087E-05,0.9970968,139.0686
0.007595873,4.175431E-05,0.9970968,139.0686
0.007687638,4.364971E-05,0.9970968,139.0686
0.005519346,4.582162E-05,0.9967245,139.1968
0.009754267,3.886622E-05,0.9988821,147.1436
0.009000244,3.691544E-05,0.9938008,147.1436
0.009928327,3.675699E-05,0.9958333,147.1436
0.008691652,3.826615E-05,0.9958333,147.1436
0.007600899,3.817081E-05,0.9958333,147.1436
0.008960809,3.827348E-05,0.9958333,147.1436
0.00948246,3.739829E-05,0.9958333,147.1436
0.01223266,3.214894E-05,1,156.1157
0.01263371,3.180576E-05,0.9980843,156.1157
0.01184532,3.172311E-05,0.9966475,156.1157
0.008666481,3.49467E-05,0.9966475,156.1157
0.01032506,3.428967E-05,0.9966475,156.1157
0.01177486,3.030482E-05,0.9966475,156.1157
0.01030123,3.676402E-05,0.9966475,156.1157
0.009931503,3.651413E-05,0.9975676,165.9851
0.007704846,4.809771E-05,0.9972973,165.9851
0.002074419,4.828001E-05,0.9910811,165.9851
0.003797961,4.570338E-05,0.9964865,165.9851
0.0002266348,6.334975E-05,0.996841,164.729
0.001428172,5.889959E-05,0.9930283,164.729
0.008882036,4.715926E-05,0.9926698,174.4189
0.009493275,4.078856E-05,0.9983539,174.4189
0.008544405,3.707442E-05,0.9968107,174.4189
0.008048035,4.31918E-05,0.9983539,174.4189
0.01011642,4.161715E-05,0.9983539,174.4189
0.007185719,4.47243E-05,0.9983539,174.4189
0.009985916,4.178767E-05,0.9984496,185.1855
0.01413853,3.628262E-05,0.9969961,185.1855
0.01091101,4.837917E-05,0.9969586,184.3781
0.01022137,4.637072E-05,0.9969586,184.3781
0.0108871,4.558587E-05,0.9969586,184.3781
0.01633093,3.692098E-05,0.9969961,185.1855
0.01233019,4.328173E-05,0.9941712,197.0288
0.01661597,3.44803E-05,0.9941712,197.0288
0.0123456,4.327555E-05,0.9954338,196.4905
0.01533274,4.237077E-05,0.9954338,196.4905
0.01279997,4.391013E-05,0.9954338,196.4905
0.01627495,3.39411E-05,0.9941712,197.0288
0.017538,3.863288E-05,0.995671,207.2571
0.01268098,3.985541E-05,0.995671,207.2571
0.0160007,3.595021E-05,0.995671,207.2571
0.01245,4.165027E-05,0.9978355,207.2571
0.01026598,4.360681E-05,0.9978355,207.2571
0.01217,4.804135E-05,0.9978355,207.2571
0.02388423,3.32182E-05,0.9954545,222.0612
0.01873108,3.613663E-05,1,220.7153
0.02218475,3.398034E-05,0.9969512,220.7153
0.01209516,4.092031E-05,1,220.7153
0.01970084,3.362196E-05,0.9969512,220.7153
0.01774394,3.416395E-05,0.9935484,222.5098
0.0195014,3.324631E-05,0.9961686,234.1736
0.01933203,3.39501E-05,0.9826415,237.7625
0.02153617,4.56274E-05,0.9948718,233.2764
0.02069409,3.428978E-05,0.993295,234.1736
0.02150633,3.42056E-05,0.993295,234.1736
0.0208395,3.626983E-05,0.993295,234.1736
0.01453172,5.240209E-05,1.001217,245.8374
0.01115406,4.342234E-05,0.9995446,246.286
0.01222547,4.553779E-05,0.9995446,246.286
0.01175448,4.829188E-05,0.9995446,246.286
0.02447877,3.484723E-05,1.127389,300.3882
0.01099335,4.062755E-05,0.995471,247.6318
0.01736064,4.463964E-05,1,263.7817
0.01494236,4.731864E-05,0.9942923,261.9873
0.01723596,4.779189E-05,0.9942923,261.9873
0.01324513,5.013816E-05,0.9942923,261.9873
0.01199892,4.711725E-05,1.001142,261.9873
0.01111146,5.6134E-05,0.9942923,261.9873
0.0110864,5.679478E-05,0.9942923,261.9873
0.01713419,4.882627E-05,0.9967949,279.9316
0.01659366,4.244442E-05,0.9946237,278.1372
0.01895578,4.415754E-05,0.9946237,278.1372
0.01678495,4.506773E-05,0.9946237,278.1372
0.0191879,4.178255E-05,0.9946237,278.1372
0.01829206,4.049886E-05,1.030107,278.1372
0.01069969,5.163939E-05,0.9909091,296.0815
0.01580768,4.725947E-05,0.9989775,292.4927
0.01120646,4.858659E-05,0.9949187,294.2871
0.0115668,4.88032E-05,0.9909091,296.0815
0.0118966,4.911059E-05,0.9949187,294.2871
0.01263727,5.143349E-05,0.9949187,294.2871
0.01387502,3.739773E-05,0.9830773,315.4614
0.01334021,4.952043E-05,0.999031,308.6426
0.01254302,7.294708E-05,0.9956522,309.5398
0.01157611,4.395815E-05,0.9951831,310.437
0.01521536,4.394419E-05,0.9951831,310.437
0.01269718,6.78896E-05,0.9956522,309.5398
0.0114297,3.404613E-05,0.9847665,338.0713
0.02144017,2.677969E-05,0.98541,336.9946
0.02212759,2.732922E-05,0.98541,336.9946
0.0165846,6.581658E-05,0.995935,331.073
0.01668488,4.471493E-05,0.9954955,331.9702
0.01404861,3.197325E-05,0.9847665,338.0713
0.0002226332,8.318148E-05,0.9979085,196.106
-0.001119114,6.720214E-05,0.9947528,197.1634
-0.0007125419,0.0001323562,0.9954338,196.4905
-0.0004705837,6.201189E-05,0.9947528,197.1634
-0.0006572077,7.578269E-05,0.9953342,196.875
7.989663E-05,6.842511E-05,0.9953342,196.875
0.0006714989,5.854784E-05,1.000051,208.4106
0.0001596295,7.457727E-05,0.999877,208.4106
-0.0002315916,6.179968E-05,0.998975,208.4106
-0.0001346114,7.657884E-05,0.999877,208.4106
-0.000642935,6.650361E-05,0.998975,208.4106
0.0004174992,6.981265E-05,0.999877,208.4106
0.00161877,4.288089E-05,1,220.7153
0.0017429,4.061233E-05,0.9970238,221.4844
0.002011235,5.010557E-05,1,220.7153
0.001513972,3.944285E-05,0.9977747,221.3882
0.001261924,5.362376E-05,1,220.7153
0.005558269,5.280082E-05,0.998718,233.2764
0.0004964128,6.162799E-05,0.9964751,234.1736
0.002091842,5.263378E-05,0.9984283,233.7891
0.001068636,5.063447E-05,0.9984283,233.7891
0.00158616,5.482138E-05,0.9984283,233.7891
0.001510528,5.111528E-05,0.9984283,233.7891
0.0009377562,5.633311E-05,0.9975232,248.4009
0.001864281,4.590936E-05,0.998022,248.4009
0.001036347,4.964969E-05,0.998022,248.4009
0.001975149,4.544356E-05,0.99742,248.4009
0.002126812,5.363814E-05,1,247.6318
0.003109422,5.164902E-05,1,247.6318
-0.001009757,6.319163E-05,1.001313,261.9873
0.001681652,5.431929E-05,0.9976792,262.8845
-0.0002415041,5.723716E-05,0.9984642,262.8845
0.002337818,5.384062E-05,0.9984983,262.8845
-0.001326553,6.49627E-05,0.9984642,262.8845
0.002016728,4.828216E-05,0.9988388,262.7051
0.001549644,5.500808E-05,0.9965591,278.1372
0.001506727,4.298041E-05,0.9997849,278.1372
0.0002410731,5.930861E-05,0.9965161,278.1372
0.0005575859,5.702297E-05,0.9965591,278.1372
0.001068217,5.446619E-05,1.000591,278.1372
0.0008376109,5.781762E-05,1.000387,278.1372
0.002292476,5.145415E-05,0.9989659,295.0049
0.001768734,4.767622E-05,0.9973138,293.9282
0.001369065,5.408507E-05,0.9973138,293.9282
0.001778577,4.191626E-05,0.996748,294.2871
0.002358519,4.953969E-05,0.9973138,293.9282
0.002770906,3.983909E-05,0.9957317,294.2871
0.003764013,5.150161E-05,1,312.2314
0.004536151,4.665269E-05,1,312.2314
0.006053219,4.097544E-05,1,312.2314
0.006890388,4.636566E-05,1,312.2314
0.004643259,4.581517E-05,1,312.2314
0.003843248,4.887135E-05,1,312.2314
0.002227468,7.514279E-05,0.99729,331.073
0.00500724,4.169671E-05,0.9981678,330.5347
0.006155122,3.966226E-05,0.9967533,331.6113
0.006461327,3.838625E-05,0.9967533,331.6113
0.006805669,3.732562E-05,0.9981678,330.5347
0.004228252,4.334558E-05,0.9971265,351.2604
0.007124782,4.900372E-05,0.9974457,351.2604
0.005953821,5.081057E-05,0.9974457,351.2604
0.005492317,5.317717E-05,1,349.9146
0.005775454,5.15631E-05,1,349.9146
0.006174226,4.002757E-05,0.9963685,352.0679
0.004358675,4.674012E-05,0.999697,370.1019
0.005373205,5.356353E-05,1,370.1019
0.003977467,5.811186E-05,1,370.1019
0.005058547,4.251573E-05,0.999697,370.1019
0.005425946,5.236529E-05,1,370.1019
0.007221468,3.86212E-05,0.9982877,392.981
0.008141861,3.602225E-05,1,392.981
0.006420005,3.87532E-05,1,392.981
0.007506888,4.454804E-05,0.9977169,392.981
0.006090187,4.056983E-05,1,392.981
0.005746819,4.00028E-05,0.9988585,392.981
0.007178491,3.569702E-05,0.9986516,415.86
0.004917237,4.270972E-05,0.9975728,415.86
0.008909182,4.116079E-05,0.9978425,415.86
0.008539626,4.090113E-05,0.9978425,415.86
0.006857964,3.768435E-05,1,414.5142
0.008160251,4.277952E-05,0.9972733,438.739
0.006505797,4.089502E-05,0.9993169,437.8418
0.005841884,3.614025E-05,0.9966871,440.0848
0.005964126,4.352933E-05,1.00068,439.6362
0.005954723,3.361853E-05,0.9974594,441.4307
0.006638155,3.583299E-05,0.9966871,440.0848
0.008464267,6.222285E-05,0.9980695,464.7583
0.009137216,0.0001,1,462.9639
0.007862655,6.138979E-05,0.9980695,464.7583
0.008182768,6.367076E-05,0.9961538,466.5527
0.006951689,6.839417E-05,0.9961538,466.5527
0.0102965,5.237466E-05,0.9980916,470.1416
0.005495728,7.036934E-05,1.001818,493.4692
0.00811607,5.379197E-05,1,495.2637
0.005026992,6.954251E-05,1.001818,493.4692
0.006645479,6.91201E-05,1,495.2637
0.007352469,5.984413E-05,1,495.2637
0.01049836,5.364583E-05,0.9964029,498.8525
0.006928066,4.576201E-05,0.9977169,523.9746
0.009308266,3.932096E-05,0.9977169,523.9746
0.008828104,4.146155E-05,0.9977169,523.9746
0.0100721,3.853645E-05,0.9977169,523.9746
0.005698017,4.626405E-05,1,522.1802
0.008098811,4.207651E-05,0.9977169,523.9746
0.01146391,0.0001,1,554.48
0.01038002,3.724962E-05,0.9978495,556.2744
0.01062987,5.284973E-05,1,554.48
0.01052692,3.826441E-05,0.9994624,556.2744
0.008366602,4.071693E-05,0.9978495,556.2744
0.006639541,4.021935E-05,0.9954128,586.7798
0.009175532,3.852182E-05,0.9979675,588.5742
0.009663142,3.818367E-05,0.9979675,588.5742
0.008450804,4.07431E-05,0.9979675,588.5742
0.003845219,5.261428E-05,0.9979675,588.5742
0.009685731,3.796109E-05,0.9979675,588.5742
0.005601665,6.274169E-05,0.9978355,621.7712
0.006170653,6.114233E-05,0.9978355,621.7712
0.007256254,0.0001,1,624.4629
0.006754173,5.789225E-05,1,624.4629
0.006780041,5.540222E-05,1.002164,621.7712
0.006389128,6.145972E-05,1,624.4629
0.008781302,5.510251E-05,1,651.3794
0.007008277,5.984837E-05,1,656.7627
0.007600441,5.658094E-05,1,656.7627
0.004329192,7.176398E-05,1,656.7627
0.007944335,5.709127E-05,1,656.7627
0.005948883,6.430981E-05,0.9979592,659.4543
0.006640139,6.263721E-05,1,699.8291
0.004485816,6.740636E-05,0.9980695,697.1375
0.004967504,6.445917E-05,0.9980695,697.1375
0.003806612,7.273923E-05,1,699.8291
0.004634028,6.846355E-05,1,699.8291
0.005324574,6.445288E-05,0.9980843,702.5208
0.003319211,7.542469E-05,0.9963768,742.8955
0.002946672,8.046229E-05,0.9981818,740.2039
0.00433555,7.281509E-05,0.9981818,740.2039
0.003609661,7.497522E-05,0.9981818,740.2039
0.003949642,7.379721E-05,1,737.5122
0.004345907,7.02818E-05,0.9981818,740.2039
0.003324273,7.983722E-05,0.9965754,785.9619
0.002156686,8.349594E-05,0.9982818,783.2703
0.002382348,8.291893E-05,0.9982818,783.2703
0.0018823,8.334661E-05,0.9965754,785.9619
0.001668403,9.067687E-05,0.9965754,785.9619
0.00356652,7.891969E-05,0.9982935,788.6536
0.0007933656,0.0001049496,0.999292,329.458
0.0007651057,9.473446E-05,0.999292,329.458
0.0002683533,0.0001146373,0.999292,329.458
0.0006209998,0.0001104725,0.999292,329.458
0.0001261639,0.0001190181,0.999292,329.458
0.0004979772,9.403966E-05,1,349.9146
0.001077699,8.81241E-05,1.002896,348.5687
0.0004319869,9.384205E-05,1.001698,348.8379
0.0009971268,8.822674E-05,1.002896,348.5687
0.0004338142,9.926945E-05,1.001698,348.8379
0.0008774067,6.716787E-05,1.001698,348.8379
0.000410036,9.95391E-05,1.002727,370.1019
0.001135798,8.191582E-05,0.999697,370.1019
0.0007693627,0.0001023386,1.001515,370.1019
0.0008689695,8.741048E-05,0.999697,370.1019
0.0006766287,0.0001072459,0.999697,370.1019
0.0006796397,9.285244E-05,0.999697,370.1019
0.00016006,9.989578E-05,1,392.981
0.001423159,7.407759E-05,1.002577,391.6351
0.001339918,7.664174E-05,1.001432,391.6351
0.0008226805,7.833359E-05,1.002577,391.6351
0.001572999,0.0003481193,0.9921791,415.86
0.000733226,7.555932E-05,0.9975728,415.86
0.000584773,7.958066E-05,0.9975728,415.86
0.000671038,7.537661E-05,1,414.5142
0.0006210263,8.108588E-05,0.9975728,415.86
0.001286923,6.351068E-05,0.9975728,415.86
0.0009427741,7.484838E-05,1.002294,440.0848
0.0006570786,0.0001033637,1.00068,439.6362
0.0006880499,0.0001025514,0.9997451,440.0848
0.0009032402,7.355036E-05,0.9997451,440.0848
0.0009032199,8.241685E-05,0.9997451,440.0848
0.0006311099,9.732452E-05,1.00068,439.6362
-2.723378E-08,9.11315E-05,1.001927,465.6555
0.001014984,6.647162E-05,0.9997599,467.0013
-9.343266E-05,9.086666E-05,1.001927,465.6555
-0.0002481064,8.426599E-05,0.9980732,465.6555
0.001823965,5.976067E-05,1.001927,465.6555
0.001342613,7.220099E-05,0.9997729,493.9178
0.001329832,7.805324E-05,1.000606,493.4692
0.0004635444,7.912322E-05,1.001822,492.572
0.001916887,7.036899E-05,1.000606,493.4692
-3.002356E-05,8.26712E-05,1.001822,492.572
0.002243093,5.724157E-05,1.001822,492.572
0.002761597,6.843251E-05,0.9977169,523.9746
0.003364701,5.848984E-05,1,522.1802
0.002798571,6.913509E-05,1,522.1802
0.003919526,5.502586E-05,1,522.1802
0.002136542,7.810377E-05,1,522.1802
0.003573087,5.715522E-05,1,522.1802
0.002483152,7.880179E-05,1.000541,552.6855
0.001248592,7.887502E-05,0.9972944,552.6855
0.002105811,8.101016E-05,1.000541,552.6855
0.002943028,6.505533E-05,1.002164,552.6855
0.00253421,7.375844E-05,1.000541,552.6855
0.002659138,7.998947E-05,1.002439,551.7883
0.002995312,6.97654E-05,1,586.7798
0.002677687,6.674529E-05,1,586.7798
0.00241959,6.942658E-05,1,586.7798
0.003722726,6.073248E-05,1,586.7798
0.002855905,6.818768E-05,1,586.7798
0.003216318,6.444452E-05,1,586.7798
0.002604045,6.000915E-05,0.9975985,622.6685
0.002134654,6.639391E-05,0.9995183,620.874
0.003632501,5.695583E-05,0.9995183,620.874
0.001755124,6.597069E-05,0.9975985,622.6685
0.002709887,6.141158E-05,0.9995183,620.874
0.002009398,6.816821E-05,0.9995183,620.874
0.003865209,5.358171E-05,0.9995459,658.5571
0.002205374,6.495354E-05,0.9995459,658.5571
0.003244163,5.434213E-05,0.9995459,658.5571
0.002592319,6.366603E-05,0.9995459,658.5571
0.003595492,5.395394E-05,0.9995459,658.5571
0.002872535,6.64608E-05,0.9995459,658.5571
0.003518555,7.253447E-05,0.9980695,697.1375
0.002331728,8.324516E-05,0.9980695,697.1375
0.003488789,7.502994E-05,0.9980695,697.1375
0.0018701,8.803968E-05,1.00193,697.1375
0.00319192,7.462664E-05,0.9980695,697.1375
0.001485046,9.034048E-05,1.00193,697.1375
0.005197028,6.405693E-05,1,737.5122
0.004180606,7.108743E-05,1,737.5122
0.005495619,6.13394E-05,1,737.5122
0.00333407,7.170714E-05,0.9981818,740.2039
0.005121965,6.178455E-05,0.9981818,740.2039
0.002507997,7.758644E-05,0.9981818,740.2039
0.003783253,6.496874E-05,1,780.5786
0.004509203,6.614962E-05,0.9982818,783.2703
0.004013876,6.539767E-05,0.9982818,783.2703
0.004043667,6.525197E-05,0.9982818,783.2703
0.003728286,7.073557E-05,0.9982818,783.2703
0.004967907,6.111131E-05,0.9982818,783.2703
0.004340154,7.176094E-05,1,829.0283
0.005595498,6.418972E-05,1,829.0283
0.00388104,7.584143E-05,1,829.0283
0.004679114,6.868097E-05,1,829.0283
0.004933626,6.599903E-05,1,829.0283
0.004633368,6.655308E-05,1,829.0283
0.004087356,7.322455E-05,1,877.478
0.002910394,8.255561E-05,1,877.478
0.001249029,9.388234E-05,1,877.478
0.001225093,9.422566E-05,1,877.478
0.005160962,6.531814E-05,1,877.478
0.004171121,7.240239E-05,1,877.478
0.003630128,6.772634E-05,1.001433,939.386
0.006654855,6.156528E-05,1,936.6943
0.007468648,5.451693E-05,1,936.6943
0.005458093,6.324924E-05,1.001441,934.0027
0.004483423,5.749381E-05,1.001441,934.0027
0.003534989,7.112977E-05,0.9985591,934.0027
0.004065267,7.018209E-05,0.9986376,987.8357
0.005057667,5.820724E-05,0.9986376,987.8357
0.005554992,6.153606E-05,0.9986376,987.8357
0.005091137,6.045877E-05,0.9986376,987.8357
0.004550206,6.645217E-05,0.9986376,987.8357
0.005914294,5.744747E-05,0.9986376,987.8357
0.008069098,0.0001,1,1049.744
0.007127339,0.0001,1,1049.744
0.008618756,0.0001,1,1049.744
0.008313523,0.0001,1,1049.744
0.008025149,0.0001,1,1049.744
0.007963322,0.0001,1,1049.744
0.009155887,0.0001,1,1108.96
0.008566662,0.0001,1,1108.96
0.00871227,0.0001,1,1108.96
0.008866935,0.0001,1,1108.96
0.00683628,0.0001,1,1108.96
0.007576789,0.0001,1,1108.96
0.007266524,0.0001,1,1178.943
0.007439022,0.0001,1,1173.56
0.007342397,0.0001,1,1178.943
0.006251646,0.0001,1,1178.943
0.006951925,0.0001,1,1178.943
0.008825461,0.0001,1,1178.943
0.008260497,0.0001,1,1238.159
0.00697867,0.0001,1,1238.159
0.007067542,0.0001,1,1243.542
0.00643373,0.0001,1,1238.159
0.009131521,0.0001,1,1243.542
0.006901667,0.0001,1,1238.159
0.01149843,0.0001,1,1318.909
0.008713242,0.0001,1,1318.909
0.01015146,0.0001,1,1318.909
0.008887492,0.0001,1,1318.909
0.01132024,0.0001,1,1318.909
0.009858012,0.0001,1,1318.909
