6.147116E-06,1.183506E-06,0.0001981591,0.006155019,0.8589723,0.1346672
9.140056E-06,3.715101E-06,0.0006571445,0.0152305,0.9252295,0.05887004
3.401014E-06,1.221614E-06,0.0005294638,0.01087776,0.9095123,0.07907596
4.382261E-06,1.135966E-06,0.001331195,0.01033783,0.8799502,0.1083752
3.2008E-06,3.692168E-07,6.836149E-05,0.002382369,0.6784871,0.3190585
4.479936E-06,7.576488E-07,0.0001597516,0.004673005,0.8288682,0.1662939
8.497527E-07,1.523771E-06,6.68867E-05,0.02840594,0.9433005,0.02822422
7.442721E-07,3.101359E-06,0.0001464494,0.05639736,0.9297546,0.01369771
1.483553E-06,2.368622E-06,6.359073E-05,0.02646598,0.9481878,0.02527869
9.957645E-07,1.416964E-06,5.459294E-05,0.02315141,0.9407859,0.03600558
1.351692E-06,9.755954E-07,2.915174E-05,0.01225615,0.9153391,0.07237335
1.554219E-06,6.816645E-07,4.822524E-05,0.008523882,0.8274384,0.1639872
1.98756E-07,4.75477E-07,0.0002923286,0.1162824,0.8378295,0.04559507
3.308003E-07,6.038793E-07,0.0001574272,0.07468247,0.8778756,0.0472836
3.87355E-07,6.836995E-07,0.0001351121,0.0623902,0.888836,0.04863752
1.497087E-07,1.46889E-07,0.0001063696,0.04904682,0.8650661,0.0857805
1.946185E-06,2.817592E-06,0.0001928733,0.05825369,0.8907962,0.05075248
6.23306E-07,1.819809E-06,0.0002282713,0.09911601,0.8722031,0.0284502
2.701068E-07,2.153548E-08,0.0001795268,0.003476712,0.6045582,0.3917853
3.793633E-07,7.58135E-08,2.918287E-05,0.007627008,0.7224516,0.2698917
7.658484E-07,2.335651E-07,3.880303E-05,0.01134028,0.7625303,0.2260896
2.129725E-07,3.846156E-08,0.0001245176,0.005702975,0.6228324,0.3713398
1.653336E-06,1.028717E-06,8.269461E-05,0.02405191,0.8163403,0.1595225
1.004432E-06,7.772398E-07,0.0001753882,0.05714291,0.8389623,0.1037176
1.453298E-07,4.293906E-09,2.349801E-05,0.0006375619,0.5980269,0.4013118
1.076691E-06,6.891599E-07,0.0001129278,0.04086249,0.8394894,0.1195334
1.177034E-06,9.851099E-07,0.0001384015,0.0533668,0.8486073,0.09788527
1.213851E-06,8.402977E-07,0.0001792619,0.05802787,0.8301354,0.1116554
1.632118E-06,2.288616E-06,0.0002179727,0.09876993,0.8395776,0.06143053
3.797789E-07,3.703618E-08,0.0001521658,0.004111899,0.6986985,0.2970369
3.420673E-07,4.530331E-08,0.0001006238,0.007669576,0.796875,0.1953544
5.146866E-07,1.673132E-08,9.973936E-05,0.002385832,0.7824028,0.2151111
1.51982E-06,2.084095E-07,0.0001750999,0.0103888,0.8614257,0.1280087
9.119908E-07,7.580974E-08,7.632655E-05,0.00469141,0.8320222,0.163209
5.973628E-07,7.047083E-08,6.893775E-05,0.006051642,0.8009902,0.1928886
2.325716E-07,1.635633E-08,3.275777E-05,0.002983168,0.7768428,0.2201409
1.711199E-06,1.019563E-06,0.001038779,0.1660302,0.7411782,0.09175011
9.615578E-07,2.432733E-07,0.0003680192,0.04863049,0.7584668,0.1925335
5.96039E-07,1.265254E-07,0.0001355843,0.02780195,0.773977,0.1980846
3.261504E-07,6.690026E-08,0.0002442118,0.01880286,0.80905,0.1719025
1.116322E-06,3.254511E-07,0.0004516211,0.06053219,0.7669663,0.1720485
4.594561E-07,9.372018E-08,0.0003567981,0.02895084,0.64617,0.3245218
3.987349E-06,1.608622E-05,0.0193892,0.7182831,0.2423813,0.01992627
2.859829E-06,7.47321E-05,0.01549003,0.935377,0.04721103,0.001844233
1.419186E-06,6.782361E-06,0.001657679,0.5914501,0.3935271,0.01335688
2.55295E-06,9.302646E-05,0.01678517,0.9456012,0.03628218,0.00123591
2.772741E-06,0.0003031018,0.02079065,0.9608225,0.01770548,0.0003754613
2.079396E-06,1.25498E-05,0.03120645,0.823025,0.1338549,0.01189909
9.55927E-06,2.670744E-07,0.0004179786,0.006191152,0.8369818,0.1563993
1.068284E-05,1.698932E-06,0.00194438,0.0716298,0.8890851,0.03732835
8.587685E-06,2.221136E-06,0.005475301,0.1298304,0.8248038,0.03987975
1.324772E-05,6.262896E-06,0.01370564,0.2262225,0.7240343,0.03601803
8.98827E-06,1.583648E-06,0.002575375,0.08373252,0.8779135,0.03576796
1.180699E-05,3.44653E-06,0.006400683,0.1527966,0.8070491,0.03373824
2.65206E-06,4.31422E-07,0.0001974299,0.009774384,0.9379383,0.05208676
6.225302E-06,1.433452E-06,0.0001918637,0.01644763,0.8427305,0.1406224
5.086143E-06,6.752053E-07,7.464843E-05,0.0006560019,0.3467942,0.6524694
2.181259E-06,3.239184E-07,6.353822E-05,0.002477006,0.8666977,0.1307593
1.276099E-06,2.242426E-07,4.941731E-05,0.006189145,0.9575968,0.03616317
2.023819E-06,2.963725E-07,5.912883E-05,0.002493772,0.8814279,0.1160168
8.080643E-05,1.440862E-06,0.01578342,0.05151666,0.861416,0.0712017
9.425292E-06,2.987528E-06,0.001147829,0.0478225,0.9074145,0.04360277
5.050751E-06,1.683238E-06,0.000362182,0.01570073,0.9296523,0.05427803
2.03336E-06,6.190155E-07,0.0001506081,0.01230548,0.9681414,0.01939984
5.065909E-06,1.686042E-06,0.0003772165,0.01660318,0.9308264,0.05218643
7.709396E-06,2.475907E-06,0.0007784608,0.03091899,0.9170758,0.05121649
0.0001487708,3.404709E-08,0.0005006319,0.0002523,0.4005287,0.5985695
0.0001177855,2.939155E-08,0.0005116864,0.0002709625,0.42758,0.5715196
2.066276E-05,9.312107E-07,0.0009969466,0.009749334,0.9269617,0.06227044
1.290066E-05,6.050856E-07,0.001065286,0.01789101,0.9572422,0.02378812
1.41937E-05,6.747906E-07,0.0009332852,0.0131151,0.9524059,0.03353087
3.004219E-05,1.487541E-06,0.000759082,0.003913632,0.7311164,0.2641794
3.393167E-10,5.779418E-11,2.194932E-09,3.391386E-07,0.9999996,5.733344E-08
2.122064E-06,1.440026E-06,5.780528E-05,0.003748237,0.8646621,0.1315282
8.805464E-07,1.115331E-06,4.773172E-05,0.01314803,0.9681802,0.01862193
4.323639E-07,5.920629E-07,4.680609E-05,0.008355669,0.9856315,0.005965053
8.986813E-07,5.068033E-07,5.794844E-05,0.001480777,0.9472821,0.05117778
4.23239E-06,3.606876E-06,0.0001230708,0.004628571,0.7625287,0.2327117
1.668968E-06,1.089826E-06,0.0001153467,0.002062804,0.9129838,0.08483527
8.196697E-07,1.484856E-07,2.842217E-05,0.0001798031,0.7046721,0.2951187
9.744944E-07,2.761224E-07,5.080648E-05,0.0004610735,0.8515979,0.1478889
9.017409E-07,2.0855E-07,3.855422E-05,0.0002851329,0.7814845,0.2181907
8.549196E-07,1.922767E-07,3.587249E-05,0.0002644965,0.7793236,0.2203751
1.190842E-06,2.372504E-07,4.416233E-05,0.0002682886,0.6943529,0.3053333
9.199489E-07,1.810515E-07,3.369918E-05,0.0002170441,0.7170641,0.2826841
2.624082E-06,3.046483E-06,0.0002023977,0.004869065,0.8873157,0.1076072
9.520992E-07,1.518322E-06,0.0001000857,0.005651084,0.9547939,0.03945251
1.050912E-06,1.615377E-06,0.0001076324,0.005451215,0.9495344,0.04490421
1.166023E-06,1.887624E-06,0.0001224844,0.006772853,0.9544626,0.03863906
8.354786E-07,1.100925E-06,7.833182E-05,0.003085544,0.9269401,0.06989397
1.013681E-06,1.410849E-06,9.814167E-05,0.004025211,0.9349701,0.06090411
0.0002409953,2.962345E-05,0.0184965,0.07926175,0.8248041,0.07716706
4.171839E-06,2.56317E-05,0.002398454,0.302774,0.6926554,0.002142335
4.663773E-06,6.451239E-06,0.001219213,0.05282573,0.9388154,0.007128538
8.884059E-06,5.58344E-06,0.001246597,0.0246526,0.9440213,0.03006509
4.458188E-06,5.093789E-06,0.00098199,0.03563286,0.9533156,0.01006002
4.212944E-06,6.564283E-06,0.00117643,0.05748711,0.9352244,0.00610136
2.583016E-05,8.127078E-07,0.0005755143,0.001095308,0.7022198,0.2960826
7.062748E-06,4.959062E-06,0.001040247,0.01644089,0.9429601,0.03954672
7.272434E-06,5.448445E-06,0.001133737,0.02078702,0.9477801,0.03028658
7.21756E-06,5.20763E-06,0.001087967,0.01836051,0.9454211,0.03511799
1.548911E-05,1.166375E-05,0.001557966,0.01662219,0.8931435,0.08864912
1.160084E-05,9.793394E-06,0.001253495,0.01297006,0.8817298,0.1040252
1.645332E-06,4.215983E-06,0.0007983931,0.03779954,0.9559475,0.005448729
1.37013E-06,2.505733E-06,0.0005432984,0.02096817,0.9701107,0.00837402
1.483589E-06,4.087446E-06,0.0007719183,0.03882427,0.9553617,0.005036549
1.546671E-05,1.255808E-05,0.001973331,0.02734845,0.9367746,0.03387563
5.192847E-06,1.655646E-05,0.002064396,0.1100306,0.88302,0.004863208
2.827313E-06,5.558205E-06,0.001078016,0.04203847,0.9502128,0.006662287
6.245862E-06,1.388529E-05,0.00305658,0.08384435,0.9096299,0.003448924
5.144427E-05,2.599242E-05,0.009645725,0.10661,0.8789726,0.004694279
1.750932E-05,2.578974E-05,0.004762046,0.09874573,0.8910047,0.00544419
1.655153E-05,3.3099E-05,0.003395187,0.09492649,0.8888708,0.01275782
1.057424E-05,7.85633E-06,0.002856363,0.03743343,0.9529109,0.006780864
0.0001177734,0.0003091766,0.01224689,0.3249675,0.6345093,0.02784933
2.181737E-06,5.198494E-06,0.001134539,0.04005006,0.9530979,0.005710145
1.022074E-05,5.463965E-05,0.00489558,0.253126,0.7386921,0.003221548
6.254865E-06,3.047665E-05,0.003237461,0.1742098,0.8184806,0.004035329
1.455956E-05,9.327888E-05,0.007441724,0.397397,0.5926334,0.002420041
1.191023E-05,0.0001175133,0.008801188,0.6342382,0.3557765,0.001054601
9.659529E-06,2.994113E-05,0.004200176,0.1416757,0.8511152,0.002969396
0.9952745,1.737689E-05,1.147023E-05,1.152652E-07,0.0005813475,0.004115225
3.500983E-05,0.0001747005,0.01515448,0.5002543,0.4832694,0.001111981
0.0001885597,0.002136956,0.0322837,0.8931562,0.07072395,0.001510616
4.547185E-05,0.0007713072,0.01481167,0.9374169,0.04656838,0.0003863228
8.028474E-05,0.001227716,0.02065503,0.9270762,0.05035948,0.0006013683
8.511613E-05,0.001146165,0.02056329,0.9168958,0.0605193,0.0007903398
6.484205E-05,4.178307E-05,0.00911227,0.04091614,0.9340419,0.01582313
0.001011286,0.0008562404,0.03589318,0.1435524,0.7453542,0.07333256
0.0001716048,0.0001217457,0.02133012,0.08285819,0.8834645,0.01205398
0.002524662,0.00219327,0.06479448,0.1996888,0.6584602,0.07233857
0.0008875073,0.0007667259,0.03344578,0.1416012,0.7507395,0.07255932
0.002666007,0.002254167,0.06633077,0.199195,0.6569852,0.07256895
0.001197192,6.344613E-05,0.04089341,0.01923976,0.9230399,0.01556631
0.001747199,0.0004909013,0.2055151,0.132725,0.6577996,0.001722196
0.0004403317,0.0003826088,0.05470921,0.1269279,0.8085327,0.0090073
0.001184352,0.001101547,0.1220333,0.1661609,0.7025911,0.006928733
0.001091744,0.001011974,0.1140621,0.1666879,0.7102749,0.006871331
0.001721528,0.0001047943,0.06746446,0.03205764,0.89168,0.006971536
0.06437813,0.01693651,0.8081167,0.03846971,0.07094058,0.00115836
0.006508026,0.003492337,0.3571074,0.1213192,0.5068249,0.004748247
0.02895554,0.04141831,0.4255739,0.3023846,0.181167,0.02050064
0.002092539,0.00197784,0.09949504,0.2705969,0.6012339,0.02460373
0.06851794,0.02166677,0.818734,0.03740291,0.05288382,0.000794504
0.09807396,0.03568235,0.7234213,0.07454514,0.06611741,0.002159874
0.009519051,0.2604286,0.5552303,0.1659138,0.008842869,6.549159E-05
0.04513344,0.0104869,0.7310068,0.02917834,0.1826454,0.00154916
0.002998075,0.007792806,0.5659184,0.2058467,0.2172753,0.0001686702
0.009315016,0.01882905,0.6959955,0.1697156,0.1056267,0.0005181704
0.002018544,0.05499634,0.5235373,0.3736198,0.04577649,5.149685E-05
0.01875959,0.006798574,0.9284812,0.01978406,0.02602597,0.0001505026
0.0003883914,0.09344055,0.1251002,0.7777641,0.002984315,0.0003224034
0.0006631184,0.137441,0.2922634,0.567244,0.002069792,0.0003186922
0.001104114,0.5844396,0.190555,0.2229618,0.0008681519,7.135829E-05
0.005816523,0.2736831,0.08736254,0.602645,0.02780629,0.002686463
0.01044785,0.8620633,0.1102381,0.01676342,0.0004517086,3.570032E-05
0.004049378,0.9095635,0.05305348,0.03249826,0.0008172604,1.807788E-05
0.05223443,0.8682137,0.06405569,0.01326701,0.002132643,9.645285E-05
0.003689622,0.9264994,0.04741079,0.02181544,0.0005733701,1.138503E-05
0.02550804,0.9201692,0.04853831,0.005241971,0.0005269259,1.553322E-05
0.001168832,0.5488141,0.3707314,0.07880349,0.0003276818,0.0001546236
0.006390979,0.9219682,0.054467,0.01674622,0.0004138741,1.375173E-05
0.001743886,0.8363766,0.1491002,0.01270142,6.858515E-05,9.396043E-06
0.005883458,0.9406133,0.04456702,0.008679579,0.0002496599,6.960082E-06
0.001746616,0.8614615,0.1268459,0.009883533,5.569959E-05,6.92688E-06
0.004292448,0.9602494,0.03393877,0.001480186,3.802256E-05,1.189433E-06
0.02252347,0.8377618,0.1238215,0.01535843,0.0004485911,8.611553E-05
0.004344551,0.8623466,0.1198185,0.01333431,0.0001177769,3.821595E-05
0.002645304,0.6859618,0.2915758,0.01960867,0.0001603034,4.809701E-05
0.003127726,0.779651,0.2053678,0.01173262,9.831673E-05,2.255641E-05
0.0108298,0.8976082,0.0848534,0.006570952,0.0001172502,2.044948E-05
0.003287917,0.6799637,0.09937757,0.2161111,0.00112017,0.000139543
0.002681802,0.5840455,0.09146547,0.3206143,0.001097659,9.518844E-05
0.00342762,0.6123776,0.1007562,0.2819928,0.001305012,0.0001407278
0.002222282,0.6579008,0.1246945,0.2144881,0.000629844,6.436397E-05
0.002311058,0.5093151,0.1809464,0.3060156,0.001315019,9.688171E-05
0.002556276,0.8618363,0.06482743,0.07041173,0.0003107284,5.758545E-05
0.001290539,0.06257043,0.2582903,0.6684419,0.009338487,6.837562E-05
0.001847578,0.1480393,0.2232652,0.6227667,0.004029577,5.15539E-05
0.003805157,0.8992605,0.0740731,0.02263109,0.0002001694,3.006503E-05
0.003366042,0.6522326,0.1452023,0.1984554,0.0007048474,3.88044E-05
0.01858495,0.05852278,0.1179937,0.5854569,0.1880837,0.03135804
0.006261186,0.7301646,0.1160295,0.1463154,0.001159729,6.951251E-05
0.002211382,0.02958075,0.08469747,0.8388989,0.04174285,0.00286861
0.00659417,0.7274804,0.1176569,0.1469423,0.001248977,7.729882E-05
0.0001173797,0.009778333,0.0193635,0.9577039,0.01297821,5.866414E-05
0.002083079,0.7333179,0.1185861,0.1456819,0.0003258455,5.017952E-06
0.09099532,0.5529919,0.3045186,0.04631673,0.004363376,0.0008140674
0.02543461,0.9024132,0.0651422,0.006750885,0.0002282814,3.074259E-05
0.001953141,0.009938075,0.4763816,0.3912228,0.1202449,0.0002594335
0.03673845,0.9163216,0.04416498,0.002621023,0.0001275652,2.637979E-05
0.007661602,0.633505,0.1926785,0.1643156,0.001808772,3.040281E-05
0.001625239,0.6445179,0.1229961,0.230494,0.0003642264,2.59443E-06
0.0006228623,0.1776351,0.1467109,0.6738475,0.001177678,6.000423E-06
0.001243486,0.5830967,0.120471,0.2947942,0.0003923111,2.224185E-06
0.0003236872,0.09965333,0.1146809,0.7840867,0.001250558,4.746813E-06
0.002812453,0.772944,0.1189649,0.104997,0.0002776794,3.86279E-06
0.0006357005,0.1419141,0.1519445,0.7039948,0.001502592,8.337374E-06
0.0007203973,0.00904544,0.1036062,0.8381453,0.04743114,0.001051515
0.003756252,0.05664998,0.2801774,0.6380889,0.02058295,0.000744405
0.0001594958,0.009717677,0.05573375,0.9276272,0.00670774,5.404952E-05
0.0002710046,0.003910423,0.05966258,0.8914728,0.04398865,0.0006945827
0.000100497,0.005971563,0.04382606,0.942331,0.007714729,5.604765E-05
0.00371076,0.6911036,0.1705224,0.1343207,0.0003387396,3.826744E-06
0.004090199,0.7961803,0.120046,0.07947931,0.0002018556,2.446498E-06
0.003644497,0.190826,0.3568432,0.4454642,0.003163232,5.882498E-05
0.002538349,0.6229399,0.1798797,0.1942636,0.0003750199,3.320959E-06
0.002379028,0.1426926,0.3194364,0.5320983,0.003338581,5.515552E-05
0.001617656,0.4393734,0.2147495,0.3437058,0.000549781,3.760684E-06
7.542781E-05,0.009250879,0.1401981,0.8414662,0.009001753,7.676669E-06
0.0001594348,0.1823507,0.1240092,0.6930186,0.0004612842,7.356272E-07
0.0002356527,0.02393584,0.2449279,0.722215,0.008674172,1.142808E-05
0.0001409442,0.172061,0.09658085,0.7309812,0.0002354485,5.6773E-07
0.001413648,0.5108839,0.2370058,0.2500205,0.0006739731,2.14773E-06
0.000253175,0.2474846,0.1465851,0.605217,0.0004592323,8.970099E-07
7.869017E-05,0.02463069,0.07874233,0.8956071,0.0009375177,3.711935E-06
0.001323248,0.7202188,0.1203434,0.1580182,9.576773E-05,5.187891E-07
0.001526593,0.8205655,0.09274233,0.08510174,6.347724E-05,3.887953E-07
0.001291887,0.7562371,0.1144434,0.1279389,8.831875E-05,5.22541E-07
0.00217117,0.7940074,0.1139743,0.08975454,9.180076E-05,7.523618E-07
0.0002966489,0.336072,0.1402189,0.5232238,0.0001881754,5.31454E-07
0.001221199,0.3785459,0.2947196,0.3251657,0.0003448769,2.676541E-06
8.444301E-05,0.05008585,0.100646,0.8487042,0.0004777168,1.827988E-06
0.000237054,0.2070109,0.09693915,0.6955633,0.0002481004,1.645356E-06
0.0008946163,0.4316688,0.2164403,0.3507901,0.0002046252,1.488305E-06
0.001302941,0.00857727,0.06190375,0.8668697,0.05662504,0.004721357
0.0001757504,0.08339089,0.2538114,0.661513,0.00110743,1.5601E-06
0.0003643648,0.4796637,0.16923,0.3506519,8.96504E-05,4.229956E-07
0.001587499,0.7161061,0.1580173,0.1242161,7.260204E-05,6.309134E-07
0.0002383463,0.285111,0.1966961,0.5178033,0.0001507443,6.897949E-07
0.001388915,0.07002056,0.3998494,0.5206118,0.007989457,0.000139819
0.000381585,0.3751809,0.2550054,0.3691579,0.0002735551,6.073859E-07
0.003090743,0.8109375,0.1210681,0.06484652,5.652995E-05,7.187776E-07
0.0007132382,0.03945436,0.4194408,0.525713,0.01442857,0.0002500548
0.002150585,0.1843922,0.2394037,0.5717668,0.002190639,9.608005E-05
0.0003633605,0.0441316,0.3176209,0.6311178,0.006684145,8.219406E-05
0.01066408,0.2741936,0.3442494,0.3663905,0.004165228,0.0003372241
0.002679954,0.895726,0.069934,0.03164363,1.613094E-05,1.731187E-07
0.0009962141,0.01934126,0.4244273,0.512822,0.04153857,0.0008746686
0.004456338,0.3250083,0.4576292,0.2113597,0.001500554,4.600044E-05
0.0008357282,0.1295107,0.4689576,0.3963586,0.004258262,7.913473E-05
0.004301385,0.6330802,0.1812045,0.1810745,0.0003273886,1.210102E-05
0.01179268,0.6443485,0.2050054,0.1382862,0.0005366703,3.047798E-05
0.00512705,0.9206674,0.05620828,0.01798561,1.146187E-05,1.890357E-07
0.003834463,0.4006801,0.2591102,0.3349004,0.001405063,6.979555E-05
0.001004483,0.6071466,0.1449097,0.2467584,0.0001767309,4.193685E-06
0.00421551,0.9073027,0.06868856,0.01977189,2.109987E-05,1.836081E-07
0.000342078,0.8374242,0.07344009,0.08878551,8.087377E-06,5.293401E-08
0.004515707,0.9489986,0.03583121,0.0106493,4.990311E-06,6.700109E-08
0.0004406406,0.8691692,0.06516901,0.06521412,6.983934E-06,4.91867E-08
0.004388845,0.934813,0.04550191,0.01528863,7.505051E-06,1.251854E-07
0.00112832,0.7396699,0.1555489,0.1035666,8.49811E-05,1.258072E-06
0.03915988,0.9030389,0.04683553,0.01091718,4.614556E-05,2.41239E-06
0.01339703,0.9298207,0.04288737,0.01386985,2.418445E-05,8.711669E-07
0.02592742,0.898123,0.06271377,0.01318278,5.016454E-05,2.923523E-06
0.02311858,0.1410144,0.7290036,0.09112357,0.01348214,0.002257679
0.01123832,0.877204,0.0872503,0.02423471,6.937727E-05,3.265028E-06
0.009964128,0.9430974,0.03692492,0.009997433,1.537334E-05,6.253014E-07
0.1521016,0.8044875,0.03730005,0.006055123,5.183623E-05,3.959708E-06
0.07488915,0.8236066,0.09069826,0.01065925,0.0001384481,8.265618E-06
0.02537769,0.9000139,0.06255345,0.01200268,4.904213E-05,3.245991E-06
0.003447808,0.9218836,0.05315317,0.02149336,2.13795E-05,6.207979E-07
0.249887,0.6703433,0.06798662,0.01153741,0.00021757,2.809091E-05
0.1385591,0.833862,0.02411269,0.003443192,2.15384E-05,1.43911E-06
0.8902884,0.1025833,0.005515736,0.001489006,0.0001025454,2.105239E-05
0.1401326,0.8344027,0.0223955,0.003049812,1.827626E-05,1.15862E-06
0.6572311,0.3307374,0.01016077,0.001826199,3.968563E-05,4.688216E-06
0.759736,0.2180805,0.01774939,0.004072392,0.000308684,5.310716E-05
0.8875172,0.1069597,0.004312463,0.001147956,5.328328E-05,9.38535E-06
0.112295,0.8656473,0.01958584,0.002454296,1.628558E-05,1.158185E-06
0.9866585,0.01188786,0.0009119979,0.000446793,7.51174E-05,1.970884E-05
0.1775512,0.7980576,0.02142452,0.002937129,2.723553E-05,2.276892E-06
0.9928396,0.006273557,0.0005498881,0.0002738396,5.207018E-05,1.102573E-05
0.3054307,0.6704606,0.02101382,0.003049739,4.120037E-05,4.029627E-06
0.5843462,0.3974744,0.01523923,0.002859898,7.12087E-05,8.99868E-06
0.9768674,0.02240328,0.0005344914,0.0001727592,1.816208E-05,3.775952E-06
0.9987495,0.001157595,6.29612E-05,2.553327E-05,4.034691E-06,3.643497E-07
0.9704503,0.02911855,0.0003441721,8.067783E-05,5.416674E-06,9.233352E-07
0.9975529,0.001512261,0.0005755587,0.0002585606,9.551761E-05,5.195691E-06
0.9894553,0.01011581,0.0002965433,9.785163E-05,2.749427E-05,7.008116E-06
0.9923615,0.007418716,0.0001467732,5.815738E-05,1.216196E-05,2.642882E-06
0.8065481,0.1875598,0.004708279,0.001144998,3.394275E-05,4.804999E-06
0.9978715,0.001995578,7.838027E-05,4.025632E-05,1.183202E-05,2.506899E-06
0.99755,0.002332186,7.759315E-05,3.357906E-05,5.87721E-06,9.790182E-07
0.9988116,0.0005016355,0.0004499284,0.0001952924,4.075664E-05,8.237407E-07
0.9968222,0.003043415,8.88988E-05,3.788645E-05,6.396725E-06,1.165922E-06
0.9991314,0.0006879949,0.0001148967,5.633936E-05,8.858686E-06,5.472564E-07
0.9993393,0.0006381988,1.341258E-05,6.622306E-06,2.193685E-06,2.917633E-07
0.99914,0.0008206,1.89675E-05,1.106369E-05,7.750705E-06,1.56629E-06
0.9993848,0.0005828442,1.678118E-05,9.638558E-06,5.067384E-06,8.198803E-07
0.9992825,0.0006788202,1.693675E-05,1.116926E-05,8.829541E-06,1.747064E-06
0.9995694,0.0004175499,6.207314E-06,3.414955E-06,2.90479E-06,5.666034E-07
0.9996847,0.0002675284,2.710503E-05,1.673605E-05,3.815658E-06,2.07671E-07
3.910745E-05,0.0009973284,0.01177725,0.9110182,0.07508453,0.001083583
0.0002187862,0.006110386,0.008080014,0.8669322,0.1168521,0.001806464
5.192359E-05,0.0005562173,0.00253578,0.7220052,0.2689885,0.005862276
2.516381E-05,0.000152518,0.007435463,0.7111061,0.2744242,0.00685666
6.998357E-05,0.00243759,0.02356692,0.9036641,0.06947725,0.0007841005
6.751908E-05,0.002042174,0.006948981,0.9049144,0.08486906,0.001157905
5.45633E-05,0.02942114,0.02678664,0.9199829,0.02365489,9.985358E-05
1.469061E-05,0.003647438,0.008433605,0.9677124,0.02005112,0.0001408177
2.481774E-05,0.005006987,0.01225209,0.9595567,0.02298442,0.0001748629
7.968499E-05,0.02774775,0.03069333,0.9162002,0.02515076,0.0001281985
2.703598E-05,0.008527183,0.0216069,0.9467439,0.02295129,0.0001436948
1.291603E-05,0.004888534,0.01330479,0.9630188,0.01866159,0.0001133987
6.277858E-05,0.02172082,0.03534062,0.9288288,0.01392458,0.0001223381
8.834636E-05,5.259354E-06,0.0001481044,0.0005104524,0.9725842,0.02666361
2.882952E-05,0.004870875,0.0249535,0.9568184,0.01313589,0.0001923791
4.941777E-06,0.004749703,0.006028612,0.9785402,0.01063081,4.582033E-05
4.39616E-06,0.006051834,0.0082953,0.9771059,0.008505822,3.677784E-05
6.542694E-06,0.007838018,0.006101039,0.9741251,0.011887,4.23471E-05
6.177658E-05,0.005242121,0.8147327,0.1701422,0.009766793,5.449507E-05
0.0001901599,0.01652973,0.7688414,0.2030848,0.01129047,6.325573E-05
0.0002382658,0.01943023,0.581793,0.3848685,0.0135695,0.0001004951
0.000196101,0.01466477,0.4582368,0.512605,0.01416981,0.0001274252
0.0002216646,0.01889736,0.700856,0.2675464,0.01240114,7.743638E-05
4.781374E-05,0.008021076,0.633457,0.3468415,0.01154216,9.048256E-05
9.153008E-05,0.007604157,0.4690894,0.5171124,0.006002421,0.0001000783
7.975351E-05,0.005281548,0.237027,0.7510705,0.006410439,0.0001307014
0.9912447,0.003229018,0.00418716,0.00119426,0.0001384113,6.343356E-06
9.20958E-05,0.004409885,0.1570305,0.8289638,0.009315039,0.0001886208
8.522517E-05,0.005877406,0.2545208,0.7331123,0.006277336,0.0001268708
8.064246E-05,0.005200125,0.2020859,0.7858633,0.00663958,0.0001304884
7.802618E-05,0.005244276,0.2670159,0.7212687,0.006260585,0.0001324757
6.603137E-05,0.03098227,0.3251354,0.6407535,0.002929759,0.0001329557
5.394528E-05,0.004248625,0.1716367,0.8157281,0.007999436,0.0003333607
0.000146379,0.02046354,0.3297026,0.6464657,0.003144478,7.737076E-05
5.885141E-05,0.005721748,0.1950254,0.7924641,0.006437198,0.0002926979
0.0001660325,0.02408496,0.3336361,0.6388493,0.003190874,7.280749E-05
7.016357E-05,0.03005567,0.2921491,0.6745323,0.00305322,0.0001394967
9.635332E-05,0.06222346,0.3231485,0.6129159,0.001505697,0.0001100316
0.0001343819,0.03661026,0.1898987,0.7702925,0.002878556,0.0001856328
6.433271E-05,0.005994502,0.2222017,0.7655245,0.005608447,0.0006064995
4.212576E-05,0.002884169,0.237591,0.7522998,0.006617568,0.0005653111
0.0001055146,0.06010488,0.2851494,0.6528984,0.001621024,0.0001206347
6.652952E-05,0.007440256,0.2322313,0.7547995,0.004945351,0.0005169903
1.603699E-05,0.001715068,0.0115161,0.9808546,0.005723198,0.0001749782
1.415925E-05,0.001547814,0.01052818,0.9822551,0.005473613,0.0001811346
9.188672E-06,0.0005469377,0.005621606,0.9860422,0.007663652,0.0001163581
1.959934E-05,0.00216946,0.01354646,0.9782976,0.005787313,0.0001797052
6.421637E-05,0.006494051,0.07802168,0.910452,0.004614456,0.0003535577
6.281566E-05,0.006216143,0.077299,0.9113772,0.004679816,0.0003651551
0.0001091986,0.003587881,0.5269721,0.4664377,0.002809675,8.334614E-05
3.068132E-05,0.0002426765,0.0558387,0.9113708,0.03231021,0.0002068564
2.489392E-05,0.000203544,0.04364137,0.912711,0.04319993,0.0002192827
2.686891E-05,0.0008610645,0.02838265,0.9566277,0.01393042,0.0001713178
7.901394E-05,0.00823105,0.07270145,0.9143357,0.00446661,0.0001861735
9.057367E-05,0.0004028079,0.1247473,0.7906216,0.08308548,0.001052224
5.545515E-05,0.006554623,0.02059919,0.9700417,0.002651248,9.779858E-05
6.519231E-05,0.009626296,0.02514046,0.962705,0.002350836,0.0001121378
5.371627E-05,0.006307532,0.01982479,0.9711247,0.00259441,9.485998E-05
8.890394E-05,0.01444792,0.03369584,0.9487278,0.002898545,0.0001408816
1.537665E-05,0.0005117466,0.006584073,0.9803758,0.01241339,9.956303E-05
0.0001045303,0.003797346,0.02366631,0.9611803,0.01091187,0.0003396326
0.001408036,0.4638499,0.392609,0.1414614,0.0005307752,0.0001409732
9.357479E-05,0.001290323,0.04622655,0.9017265,0.04966507,0.0009979533
0.0009755357,0.1224116,0.11446,0.7574476,0.0044191,0.0002862737
0.0006569721,0.1468349,0.4214488,0.4270027,0.002539547,0.001517024
0.002118713,0.2282071,0.1591936,0.6057238,0.004390458,0.000366347
2.265677E-05,0.0001351144,0.01729059,0.7866032,0.1954589,0.0004895492
0.001047801,0.1968786,0.2276722,0.5708993,0.003298945,0.0002031219
6.879903E-05,0.001945827,0.0480677,0.9322171,0.01756476,0.0001357314
8.846223E-05,0.002615476,0.05931258,0.9212947,0.01654344,0.00014528
0.0002512577,0.002380276,0.1303704,0.7993395,0.06633087,0.001327744
0.0003615677,0.03018471,0.1036928,0.8596206,0.005971376,0.0001690644
2.018705E-05,0.0006938954,0.01257637,0.9676945,0.0189362,7.877902E-05
0.001077915,0.09031429,0.06947292,0.8338498,0.005026803,0.0002582743
0.0004639352,0.02292798,0.03923154,0.9304585,0.006731932,0.0001861975
0.0007197778,0.04360845,0.05275627,0.8965807,0.006106247,0.0002286085
0.0007949353,0.03023148,0.06898389,0.8902051,0.009478773,0.0003057098
0.0002892351,0.00194487,0.1969257,0.7433943,0.05726415,0.0001817518
0.0008017792,0.004246735,0.07063865,0.7689352,0.1464195,0.008958027
4.285102E-06,0.0001319923,0.007184374,0.9210015,0.07161964,5.816976E-05
0.0001103861,0.0004919951,0.0174059,0.6059585,0.3655381,0.01049525
1.606118E-05,0.0005019925,0.00810829,0.9687814,0.02249775,9.453372E-05
5.152112E-05,0.0008398031,0.01504783,0.9408413,0.04277878,0.0004408368
2.865704E-05,0.0002626645,0.01059834,0.7834679,0.2036656,0.0019769
8.617715E-06,2.298716E-05,0.00364467,0.1101483,0.883111,0.003064401
4.352265E-06,3.811672E-05,0.004167325,0.3058496,0.6888137,0.001126862
5.164939E-05,9.126112E-05,0.01183372,0.2047661,0.7788308,0.004426594
1.881414E-06,9.070492E-05,0.005852323,0.9163699,0.07764459,4.0689E-05
3.879958E-06,4.407856E-05,0.004308508,0.494391,0.5002431,0.001009429
8.974526E-06,4.653294E-05,0.004353982,0.2274697,0.7646604,0.003460451
3.24387E-05,0.0001523334,0.00749582,0.3723099,0.6087635,0.01124611
2.176627E-05,0.0001525529,0.008195503,0.5331428,0.454205,0.004282265
1.682727E-05,0.0002066458,0.009467896,0.8001882,0.1890601,0.00106039
3.303065E-05,0.0002562008,0.01140676,0.6460041,0.3389023,0.003397605
1.687765E-05,0.000265796,0.009908606,0.8728884,0.1163574,0.0005627666
1.087757E-05,0.0002855143,0.0102149,0.944476,0.04488966,0.0001231108
4.048946E-06,0.0001870711,0.007329131,0.9649619,0.02748061,3.724234E-05
2.689001E-06,5.517637E-05,0.003907641,0.839725,0.1559402,0.0003692981
1.541861E-05,7.503247E-05,0.005452376,0.3500714,0.6361635,0.008222325
1.379576E-05,8.74681E-05,0.006101,0.4782768,0.5105843,0.004936533
9.627011E-06,7.333147E-05,0.00546421,0.5344059,0.4566733,0.003373577
1.850293E-06,4.829993E-05,0.004572753,0.8630945,0.1321422,0.0001404009
3.070153E-06,2.171311E-05,0.004663901,0.3108943,0.6830184,0.001398557
2.100981E-05,0.00012685,0.0088819,0.5537443,0.4329785,0.004247308
6.619907E-07,3.136874E-05,0.003241441,0.9331239,0.06356038,4.212052E-05
7.205548E-06,3.194804E-05,0.00407473,0.2907206,0.6979222,0.007243255
9.410749E-06,1.907601E-05,0.003469275,0.1086307,0.8709317,0.01693984
1.025899E-06,4.458422E-05,0.003045075,0.9374627,0.05937792,6.860535E-05
1.286366E-05,2.505252E-05,0.005441415,0.1452431,0.8349115,0.01436605
4.515256E-05,0.0002635591,0.01428045,0.7372054,0.244492,0.00371345
2.472117E-05,6.743729E-05,0.01328151,0.2018606,0.7817073,0.003058316
1.299194E-06,3.703976E-05,0.004370366,0.9064375,0.08906356,9.027799E-05
1.416663E-06,3.177331E-05,0.004642094,0.7795051,0.2156081,0.0002114064
4.466337E-06,0.0002025575,0.01354568,0.9294205,0.05678269,4.42203E-05
2.192535E-06,7.021908E-05,0.006957331,0.8964669,0.09640659,9.683049E-05
2.14468E-06,0.000134095,0.009358981,0.9446897,0.04578229,3.28208E-05
1.300357E-06,0.0001386591,0.008193205,0.9760712,0.01558471,1.089029E-05
4.066056E-06,8.0395E-05,0.009285398,0.8214318,0.1689762,0.0002221451
2.14957E-06,4.824553E-05,0.00656146,0.8144484,0.1787033,0.0002363887
2.495259E-06,0.0001579795,0.01049981,0.9445593,0.04473433,4.617493E-05
1.746254E-06,0.0002484426,0.0115816,0.9764246,0.0117327,1.093416E-05
0.0003301753,0.002980568,0.05812022,0.8739213,0.06307853,0.001569116
2.456682E-06,0.0003252664,0.01476013,0.96773,0.01716784,1.428391E-05
1.540472E-05,5.942507E-05,0.0168249,0.2676937,0.711018,0.004388452
1.063949E-05,7.510916E-05,0.01732599,0.4441108,0.5363829,0.002094552
0.0001171113,0.0006253864,0.03744806,0.8128683,0.146462,0.002479179
1.240753E-05,0.0001470011,0.01521175,0.8560867,0.127628,0.0009141575
8.335236E-06,0.0002802509,0.01448499,0.9485484,0.03650049,0.0001775924
1.624886E-05,0.0001748413,0.01746077,0.8478407,0.1334874,0.001020098
9.689387E-06,0.0001711409,0.01421967,0.9023342,0.08276084,0.0005043586
0.004322772,0.1905085,0.5382741,0.2504135,0.01646434,1.672381E-05
6.532657E-05,0.001435633,0.1091487,0.7713931,0.1174423,0.000514926
4.701165E-05,0.000689965,0.08490174,0.6716872,0.2411569,0.001517123
0.0001738312,0.00547058,0.2534228,0.6788423,0.06200163,8.882899E-05
8.435153E-05,0.003125283,0.1264907,0.8248856,0.04527945,0.0001346167
4.973288E-05,0.003959788,0.1068475,0.8685482,0.02054992,4.474503E-05
9.446262E-05,0.004448259,0.1436359,0.8206055,0.0311406,7.525519E-05
3.845611E-05,0.0006078937,0.08622797,0.6875827,0.223381,0.00216203
0.0002264867,0.05615273,0.1471489,0.795296,0.001163549,1.234478E-05
2.740684E-05,0.002733622,0.07655446,0.9048325,0.01575852,9.354156E-05
0.0001005664,0.003465176,0.1962242,0.7311877,0.06864436,0.00037807
6.399486E-05,0.009912777,0.1986496,0.7806909,0.01066064,2.209381E-05
0.0001082787,0.006594349,0.2322111,0.7272736,0.03368878,0.0001238634
0.000190311,0.04609029,0.2582304,0.6918349,0.003630434,2.368473E-05
0.000407832,0.000882988,0.1350137,0.4249992,0.4167717,0.02192456
0.0002793242,0.000600584,0.1058478,0.4008366,0.4647481,0.02768755
0.03543312,0.07307284,0.3020564,0.444587,0.1216364,0.02321426
0.0008009636,0.001794876,0.2171676,0.4357661,0.3303796,0.01409086
0.0008911689,0.002048611,0.2240165,0.4264695,0.3324912,0.01408306
4.983273E-07,1.722367E-09,1.635769E-07,4.096214E-06,0.1038724,0.8961229
1.486606E-07,1.930951E-10,2.387448E-08,3.465865E-07,0.01953908,0.9804603
6.004295E-08,2.099064E-11,1.769947E-08,7.047316E-08,0.007384271,0.9926156
1.168383E-08,8.24121E-13,1.26483E-09,3.254165E-09,0.002253538,0.9977465
5.605334E-08,1.301955E-11,9.353616E-09,3.157879E-08,0.005100326,0.9948996
2.614293E-08,6.451669E-12,7.136856E-09,2.837412E-08,0.005005267,0.9949947
5.755948E-08,3.975592E-12,3.759951E-09,6.359097E-09,0.002329294,0.9976706
1.84253E-07,6.144373E-11,1.231882E-07,2.749353E-07,0.013005,0.9869944
1.603867E-08,6.316545E-13,1.236654E-09,1.970582E-09,0.001749594,0.9982504
5.15835E-09,2.696059E-13,9.602509E-10,2.035202E-09,0.00241247,0.9975876
5.777206E-09,4.149858E-12,1.411863E-09,5.438633E-08,0.008426585,0.9915735
1.307702E-08,1.207361E-12,3.674312E-09,8.61446E-09,0.003825476,0.9961745
2.762191E-10,8.495121E-14,1.670463E-10,2.132989E-08,0.007123088,0.9928769
1.207057E-09,6.329217E-13,5.587237E-10,2.296431E-08,0.006531706,0.9934683
2.856966E-09,3.563233E-13,2.950661E-09,1.229213E-08,0.006530363,0.9934696
1.605606E-09,1.093529E-13,1.033591E-09,3.991698E-09,0.004578248,0.9954217
2.257758E-09,2.034607E-13,1.679553E-09,6.528532E-09,0.005273445,0.9947266
2.400915E-08,7.338528E-11,4.183828E-07,4.028255E-06,0.061434,0.9385616
7.520522E-09,7.4543E-11,7.677167E-08,6.007944E-06,0.07156523,0.9284287
1.120941E-09,9.198279E-13,2.179285E-09,1.247615E-07,0.01860702,0.9813929
2.769302E-09,3.512096E-12,3.658519E-09,2.159573E-07,0.02140747,0.9785923
5.436246E-09,2.401964E-11,2.140686E-08,1.713065E-06,0.0488487,0.9511496
9.682888E-09,9.770772E-11,6.4768E-08,5.406358E-06,0.07020243,0.929792
4.425607E-09,1.640474E-11,1.013809E-08,1.462981E-06,0.04195786,0.9580407
9.78245E-09,1.267898E-11,1.757944E-08,4.075562E-07,0.03719789,0.9628016
7.794374E-09,2.208191E-11,7.374688E-09,8.821791E-07,0.02466523,0.9753338
1.655905E-09,1.585325E-12,1.522136E-09,1.242993E-07,0.01039109,0.9896088
4.942053E-09,9.521207E-13,1.163448E-09,8.189097E-09,0.003957696,0.9960423
1.433117E-08,1.0956E-11,1.271395E-08,1.327919E-07,0.02035305,0.9796468
5.197654E-08,1.221859E-09,2.928792E-07,4.665291E-05,0.1671657,0.8327873
3.281935E-08,5.379014E-10,6.673712E-07,3.021405E-05,0.1625342,0.8374348
1.901521E-08,4.641208E-10,5.380804E-07,6.893738E-05,0.1883597,0.8115708
2.339269E-06,7.028498E-09,0.0002298713,0.0001573792,0.2030243,0.7965862
4.00962E-07,4.798155E-10,1.897476E-05,2.179543E-05,0.09403524,0.9059236
4.846121E-08,6.840452E-11,3.85498E-06,1.064825E-05,0.07970772,0.9202778
5.91074E-08,1.149384E-10,7.621534E-06,2.218574E-05,0.08858099,0.9113892
2.851998E-09,1.223727E-11,1.067248E-07,1.033164E-05,0.1162173,0.8837723
3.948291E-08,3.746959E-10,1.160861E-07,1.537716E-05,0.07596818,0.9240162
1.363322E-10,4.515349E-12,2.834776E-08,0.0001984019,0.7845732,0.2152285
1.516301E-08,2.902962E-11,5.699873E-08,2.092949E-06,0.07115459,0.9288432
2.050464E-08,2.772598E-10,1.045029E-06,4.096052E-05,0.2062334,0.7937245
2.109911E-08,5.562835E-11,1.062617E-07,4.179983E-06,0.1040642,0.8959314
7.837071E-09,2.882223E-11,1.770157E-07,2.424562E-05,0.123851,0.8761244
2.603546E-08,6.628146E-11,5.864001E-07,1.134513E-05,0.2024289,0.7975591
2.171003E-08,1.145693E-10,2.325206E-07,3.278372E-05,0.1232776,0.8766893
1.454373E-08,3.217072E-11,2.690106E-08,2.016993E-06,0.02496654,0.9750314
2.077709E-08,9.251647E-11,1.167405E-07,1.538167E-05,0.07193886,0.9280456
1.640129E-08,9.656071E-11,2.125239E-06,3.891459E-05,0.2461889,0.75377
2.579306E-08,1.817413E-10,5.592817E-07,5.53735E-05,0.2456895,0.7542545
2.461147E-08,1.107116E-10,3.285203E-05,0.0002536906,0.2671827,0.7325307
8.910921E-08,2.599484E-10,1.10995E-06,2.123783E-05,0.2991838,0.7007937
1.418048E-07,5.343667E-11,2.211404E-07,8.570214E-07,0.05467004,0.9453287
6.638587E-08,1.173098E-10,4.214542E-07,7.461159E-06,0.1770998,0.8228922
1.879317E-07,1.20294E-10,6.869549E-07,3.293058E-06,0.1152036,0.8847922
1.359523E-08,3.18235E-13,7.821669E-10,1.769051E-10,0.0004203929,0.9995796
2.340233E-08,7.487522E-13,2.052359E-09,7.953937E-10,0.001040045,0.9989599
2.938689E-08,3.135725E-11,1.309658E-08,6.468661E-08,0.003597149,0.9964027
1.642035E-08,8.860811E-12,4.097291E-09,1.199591E-08,0.001651438,0.9983486
1.478962E-08,8.528272E-12,3.140889E-09,6.087503E-09,0.001034746,0.9989653
5.600947E-08,8.119268E-11,5.863647E-08,7.541965E-07,0.01828611,0.9817131
9.860863E-09,3.136217E-12,1.607767E-09,2.409529E-09,0.0006400566,0.9993599
1.69466E-08,2.763254E-12,2.442394E-09,1.251882E-09,0.0009370424,0.999063
9.501191E-09,2.800774E-12,1.196603E-09,1.197687E-09,0.0005842274,0.9994158
2.443153E-08,1.32062E-11,5.757744E-09,1.007266E-08,0.00182147,0.9981785
5.568042E-08,4.605114E-11,3.304407E-08,1.428005E-07,0.009663058,0.9903368
1.947486E-08,9.421972E-12,3.84184E-09,5.700648E-09,0.001277983,0.9987221
1.332716E-08,4.886576E-12,2.047783E-09,2.497663E-09,0.0008399182,0.9991601
2.856697E-09,4.57672E-13,5.49444E-10,1.078315E-09,0.0006988841,0.9993011
3.368049E-09,4.110866E-13,3.881103E-10,3.453961E-10,0.000357334,0.9996426
7.319185E-09,1.744508E-12,9.634956E-10,1.120448E-09,0.0006308865,0.9993691
1.191473E-07,1.511862E-10,8.158924E-08,4.336035E-07,0.01413647,0.9858628
2.744081E-08,1.519464E-11,6.596854E-09,1.243249E-08,0.001958359,0.9980417
8.320272E-09,2.032501E-12,1.233548E-09,1.890944E-09,0.0009271238,0.9990728
2.364582E-08,1.449865E-11,5.033217E-09,6.376626E-09,0.001122923,0.998877
1.248651E-07,3.311562E-10,7.985867E-08,2.405342E-07,0.00843398,0.9915656
5.639712E-07,5.314634E-09,7.834088E-07,1.998024E-06,0.01234186,0.9876547
6.455606E-06,5.778473E-09,0.0003146455,0.000271249,0.4345829,0.5648247
1.042129E-06,4.284323E-08,7.427545E-05,0.005589734,0.9061126,0.08822222
7.34683E-06,1.097231E-05,0.0188341,0.4278846,0.5120598,0.0412031
1.776415E-05,2.397614E-07,0.003632304,0.008900335,0.7881823,0.1992671
9.136515E-07,6.478377E-10,5.048914E-07,7.908643E-08,0.003956368,0.9960421
3.782222E-07,3.268608E-09,4.588909E-07,1.310381E-06,0.01451087,0.985487
1.055619E-06,1.704031E-08,3.317296E-06,2.730412E-05,0.146089,0.8538793
9.674758E-07,1.972875E-08,2.331444E-06,1.10955E-05,0.03926804,0.9607176
2.075051E-07,1.211976E-09,1.699898E-07,2.733238E-07,0.005398897,0.9946005
1.738429E-06,5.45335E-08,6.462003E-06,4.737821E-05,0.07666537,0.923279
6.797163E-07,1.580647E-08,1.707023E-06,4.619091E-06,0.0298883,0.9701048
2.17246E-08,4.090812E-11,1.015008E-08,3.868518E-09,0.0008683672,0.9991316
4.167429E-07,6.747138E-09,8.138712E-07,7.709306E-07,0.009658619,0.9903393
5.554943E-07,1.154904E-08,1.446079E-06,2.070846E-06,0.01758454,0.9824113
3.541852E-07,4.975631E-09,6.553198E-07,6.815641E-07,0.009822547,0.9901757
1.609988E-09,5.025883E-13,4.267372E-10,5.815711E-11,9.669111E-05,0.9999033
3.912762E-07,1.109627E-09,3.444709E-07,8.431887E-08,0.003357064,0.9966421
6.5781E-09,1.658387E-12,1.264738E-09,6.913033E-11,0.0001151796,0.9998848
3.193307E-07,2.766372E-09,5.17114E-07,2.81125E-07,0.007140217,0.9928588
2.065702E-08,3.377095E-11,1.047634E-08,1.841125E-09,0.0005255255,0.9994745
2.270078E-07,1.578699E-09,3.033159E-07,1.365942E-07,0.00479334,0.995206
9.757106E-09,3.087813E-12,1.945931E-09,1.265427E-10,0.0001602896,0.9998397
4.841756E-09,5.022442E-12,2.633885E-09,3.861099E-10,0.0002935005,0.9997064
4.472641E-07,1.021489E-08,1.709241E-06,1.880974E-06,0.02945117,0.9705448
2.448607E-08,8.49278E-11,2.233292E-08,7.41974E-09,0.00168089,0.9983191
4.326271E-07,1.725923E-08,2.06207E-06,3.661352E-06,0.03613586,0.9638579
1.808001E-06,2.498029E-07,2.37947E-05,0.0001011883,0.1950566,0.8048164
6.615679E-07,3.864325E-08,4.068998E-06,7.000366E-06,0.04176984,0.9582185
9.950392E-12,1.923752E-16,1.947669E-12,6.474778E-14,4.030966E-06,0.9999959
1.170061E-09,1.541954E-12,1.426447E-09,7.702241E-10,0.0004947823,0.9995052
4.569406E-11,4.045337E-15,1.55595E-11,1.677924E-12,2.199651E-05,0.9999779
1.202301E-06,1.974324E-07,1.294802E-05,9.468781E-05,0.1594764,0.8404146
8.947743E-10,8.003831E-13,6.742014E-10,1.974456E-10,0.000282023,0.999718
1.917937E-08,1.359883E-11,8.037919E-09,7.232916E-10,0.0004977878,0.9995022
4.205546E-09,1.399998E-11,5.891E-09,2.719561E-09,0.001364662,0.9986354
1.05889E-08,3.257226E-16,7.226141E-12,1.085255E-14,7.886393E-07,0.9999992
7.975576E-10,3.40887E-13,4.611923E-10,3.694498E-11,9.273629E-05,0.9999073
2.099444E-09,4.771076E-13,8.009831E-10,3.350422E-11,0.0001023555,0.9998976
8.438705E-10,1.146073E-13,2.897112E-10,9.041238E-12,5.136746E-05,0.9999486
1.818487E-09,3.863627E-13,7.060207E-10,2.645035E-11,8.57963E-05,0.9999142
5.59011E-07,1.612001E-07,9.848166E-06,5.965818E-05,0.07683289,0.923097
3.485055E-06,2.894993E-06,0.0001578911,0.002257496,0.6484941,0.3490841
2.226419E-06,1.153379E-06,7.945952E-05,0.00064843,0.4034026,0.5958661
3.246831E-06,1.905798E-06,0.000116197,0.0009787008,0.4381942,0.5607057
0,0,8.888216E-33,8.15274E-08,0.9999999,7.667442E-28
3.602451E-06,7.712455E-07,0.0001680222,0.0008707127,0.6754434,0.3235134
1.017135E-07,1.522617E-08,2.281894E-06,1.124084E-05,0.07128676,0.9286996
8.835835E-07,3.106276E-08,1.606779E-05,1.240975E-05,0.08240133,0.9175693
1.977058E-07,4.690076E-09,2.219465E-06,1.173162E-06,0.02556062,0.9744358
2.977255E-06,1.310948E-07,6.111142E-05,5.187099E-05,0.135362,0.8645219
5.173721E-06,4.579646E-06,0.0001890138,0.002950941,0.4621131,0.5347373
1.693846E-05,9.468773E-07,0.0003690957,0.0003699333,0.2386547,0.7605885
1.761431E-05,9.952247E-07,0.0003837074,0.0003828134,0.2390051,0.7602098
3.463784E-07,9.220432E-08,1.704602E-05,6.120399E-05,0.2110732,0.7888482
4.205595E-07,2.30922E-08,1.27904E-05,1.404862E-05,0.1199103,0.8800624
9.517672E-08,3.497094E-09,1.814528E-06,1.254056E-06,0.03416737,0.9658294
3.987535E-07,2.301086E-08,1.22004E-05,1.251424E-05,0.1073758,0.8925991
7.493848E-08,2.317631E-09,1.252592E-06,8.451048E-07,0.02914489,0.9708529
1.019372E-16,1.851631E-13,6.679574E-09,0.04476444,0.9552336,2.058601E-06
8.896765E-05,1.74412E-07,0.0002886494,2.839229E-05,0.06088971,0.938704
7.08777E-07,5.117636E-07,6.590389E-05,0.0007963314,0.5652282,0.4339083
2.098726E-05,2.743427E-06,0.001102129,0.002346768,0.7012873,0.29524
5.261807E-05,9.11622E-08,0.0001691216,1.568816E-05,0.04770437,0.9520581
1.339284E-05,1.894551E-06,0.0007556773,0.001608316,0.6544994,0.3431214
8.752727E-06,1.35914E-06,0.0005201348,0.001054504,0.5904315,0.4079838
2.042536E-05,1.342542E-11,1.221113E-07,1.43839E-09,0.0004263697,0.999553
2.99386E-06,3.225822E-06,0.0003558715,0.005816315,0.822633,0.1711885
2.149251E-05,7.893936E-06,0.001396616,0.002777847,0.6812803,0.3145157
1.041502E-05,2.50567E-06,0.001028991,0.004162373,0.8959385,0.09885726
1.68269E-06,4.109313E-07,0.000169665,0.0005266301,0.6101587,0.3891429
1.517244E-05,5.746062E-06,0.001125926,0.002636047,0.7116665,0.2845506
0.001050498,3.188589E-09,1.926996E-05,4.88385E-07,0.0300173,0.9689125
1.804861E-07,1.046341E-12,5.885855E-09,4.829133E-11,4.307491E-05,0.9999567
9.611252E-08,5.026737E-13,3.421727E-09,2.312387E-11,2.955304E-05,0.9999703
2.355219E-06,1.059518E-06,0.0002883345,0.0008028608,0.5123318,0.4865736
1.037522E-06,3.487524E-07,0.0001629049,0.0006548646,0.663197,0.3359839
8.574678E-05,4.158426E-10,1.615905E-06,3.70781E-08,0.003139371,0.9967733
0.0001752557,0.03801958,0.1984136,0.7601441,0.003168999,7.852453E-05
5.262568E-05,5.509857E-05,0.4350571,0.5037093,0.05525187,0.00587392
0.001186515,0.0194609,0.9503794,0.02656933,0.002391144,1.266126E-05
7.064873E-05,4.751412E-05,0.3350364,0.5281178,0.1246411,0.01208654
8.818044E-05,0.0004074363,0.4544608,0.5333541,0.01122897,0.0004604801
0.0001106136,0.0002412394,0.3363926,0.6222291,0.03947656,0.001549901
8.75379E-05,0.009207679,0.1475784,0.8362041,0.006377074,0.0005452258
0.0002333268,0.2161911,0.1697431,0.6126179,0.001152359,6.228031E-05
4.264993E-05,0.00377475,0.3178404,0.6728646,0.004896536,0.000581155
0.0001979182,0.2520224,0.2108134,0.5360355,0.0008828556,4.800458E-05
4.213483E-05,0.006455089,0.4263723,0.5634083,0.003337243,0.000384981
0.0001922141,0.09408669,0.1537002,0.7499175,0.001985629,0.0001176541
2.026762E-05,0.001133832,0.02467849,0.9684738,0.005127222,0.0005664421
2.019876E-05,9.356168E-05,0.04520415,0.929813,0.02371688,0.001152242
3.591878E-05,0.003371281,0.03185052,0.9590691,0.00550914,0.0001640116
1.656097E-05,0.0001732443,0.03933406,0.948754,0.0105323,0.001189932
9.490173E-05,0.01382785,0.1051169,0.8769345,0.003781691,0.0002441977
0.0001116068,0.0001076657,0.006083369,0.12391,0.736439,0.1333484
0.0001726013,0.002708998,0.6739501,0.320603,0.002502307,6.313333E-05
0.0001026084,0.008441284,0.1311528,0.8539746,0.006224736,0.000103903
0.0001008759,0.007088104,0.2477846,0.7395644,0.004990993,0.0004709472
0.0001591516,0.01901429,0.2120395,0.7643254,0.004340813,0.0001207733
9.532823E-05,0.007291278,0.1706186,0.816794,0.004968907,0.0002319156
0.0002939127,0.01638137,0.5647156,0.4160545,0.002456137,9.853913E-05
9.055841E-05,0.006109443,0.1556832,0.8336428,0.004262384,0.0002117232
0.0002013688,0.01159009,0.3660101,0.6171605,0.004579382,0.0004585273
6.90503E-05,0.002053457,0.1404954,0.8513556,0.005874775,0.000151571
0.0004622193,0.05433977,0.126764,0.8137333,0.004515824,0.0001847383
0.0002739643,0.006106486,0.05865923,0.9139481,0.02018671,0.0008255286
0.000346796,0.2694529,0.6168706,0.1129444,0.000297625,8.763034E-05
0.0006295351,0.04342744,0.5040287,0.4489996,0.002844889,6.983304E-05
0.000556645,0.03192324,0.801523,0.1639583,0.001584219,0.0004545999
0.0005242811,0.03759413,0.247466,0.7081038,0.006141116,0.0001708113
0.0002250241,0.02121582,0.9095825,0.06827769,0.0006063349,9.263765E-05
0.000429905,0.09235929,0.1879837,0.716071,0.002943601,0.0002125429
0.0007385502,0.01337698,0.7971725,0.1844962,0.004171489,4.434344E-05
0.001377874,0.4881284,0.2156723,0.2929231,0.001340793,0.0005575725
0.0007376073,0.008567268,0.9184443,0.07026765,0.001928376,5.480918E-05
0.0007126285,0.00886282,0.8916739,0.096035,0.002654845,6.084414E-05
0.002053813,0.6865173,0.1840433,0.1266349,0.000517607,0.0002331278
0.002642408,0.7075404,0.220112,0.06918652,0.0003714233,0.0001472584
0.002270035,0.4736818,0.2489333,0.2729341,0.002020753,0.0001600795
0.00138919,0.1011089,0.5144317,0.3790065,0.003881643,0.000182054
0.002113272,0.09604497,0.7528594,0.1461705,0.002734151,7.76537E-05
0.001247056,0.04151148,0.3900456,0.5617026,0.005075532,0.0004176865
0.0008113103,0.04177193,0.4657337,0.4853317,0.006236747,0.0001146489
0.0006137991,0.007710511,0.266422,0.7148146,0.01030963,0.000129406
0.003705746,0.0812309,0.19318,0.7044286,0.01624674,0.001207923
0.001117898,0.02749567,0.07969711,0.8769259,0.01421415,0.0005492187
5.356184E-05,0.002001831,0.01598092,0.9680576,0.01380851,9.768019E-05
0.0001071918,0.0006017117,0.01852325,0.7192592,0.2545522,0.006956459
0.0009163351,0.02437349,0.06909411,0.8929178,0.01229922,0.000399014
0.003428142,0.1105278,0.1487456,0.7251088,0.01147859,0.0007111397
0.02870619,0.03604247,0.8763567,0.04083568,0.01781208,0.0002469254
0.0002788909,0.0193893,0.08246781,0.8929579,0.004871822,3.428466E-05
4.054183E-05,0.001496017,0.03674394,0.9320493,0.02962668,4.354336E-05
2.78582E-05,0.001245863,0.02847646,0.9455065,0.02470892,3.439991E-05
1.630006E-05,0.001734876,0.01824071,0.9707663,0.009227186,1.465132E-05
0.00140558,0.08023164,0.2778189,0.63069,0.009804915,4.883953E-05
7.494701E-05,0.000185509,0.01974781,0.3427316,0.6347617,0.002498398
0.000243025,0.000747086,0.06276365,0.5385589,0.3960766,0.001610729
0.00312738,0.0132862,0.1300515,0.6574895,0.1796433,0.01640203
0.001473475,0.00796197,0.08531242,0.7490938,0.1460183,0.01014002
0.0001120498,0.003466534,0.07116711,0.8877155,0.0374909,4.791391E-05
0.005625113,0.5202671,0.2284463,0.243853,0.001746768,6.174188E-05
0.006820939,0.04102416,0.2521729,0.6103792,0.08346148,0.006141359
0.03079627,0.1664824,0.5799417,0.1977724,0.02277196,0.002235182
0.002633452,0.3690147,0.1985335,0.4281157,0.001670475,3.218502E-05
0.004762212,0.03909659,0.2170109,0.6777833,0.05785391,0.003493134
9.208035E-05,0.0162236,0.07485577,0.9045762,0.004245717,6.611841E-06
5.972493E-05,0.01629044,0.03812842,0.9436568,0.001860891,3.714338E-06
0.001001472,0.2152203,0.160641,0.6217695,0.001357854,9.77716E-06
4.621365E-05,0.001258904,0.05334628,0.8682231,0.07704469,8.087698E-05
0.001595033,0.2598694,0.1898987,0.5470647,0.001556786,1.541996E-05
0.001437544,0.3284086,0.2108179,0.458115,0.00121159,9.268651E-06
0.0004098932,0.1740461,0.1559718,0.6684541,0.001115217,3.022556E-06
0.002857976,0.5080526,0.2867754,0.2007618,0.001541329,1.097992E-05
1.568606E-05,0.001029742,0.04114405,0.929091,0.02869942,1.996432E-05
2.363132E-05,0.001858563,0.05600259,0.9187356,0.02336382,1.581866E-05
0.001022454,0.2851848,0.1771815,0.5357382,0.0008679348,5.181172E-06
8.566528E-05,0.004818351,0.1221457,0.8370255,0.03590034,2.44636E-05
0.002524763,0.4547166,0.2613385,0.2806454,0.0007684161,6.31382E-06
0.003160815,0.5458082,0.2903916,0.1590021,0.001632049,5.20376E-06
0.00634154,0.5766728,0.2262366,0.1899769,0.0007597361,1.241513E-05
0.004120975,0.789704,0.1343053,0.07149498,0.0003726686,2.040812E-06
0.001495535,0.3336965,0.3274642,0.3343748,0.002963276,5.664315E-06
0.0009002346,0.001054911,0.127052,0.2233904,0.6390355,0.008567006
0.006190171,0.008060259,0.1718055,0.1991546,0.5097383,0.1050513
0.001622833,0.001898561,0.183435,0.2607208,0.5456466,0.006676272
0.001586642,0.001101512,0.1740654,0.100808,0.7124317,0.01000674
0.004204382,0.002702888,0.2766083,0.1113036,0.5974588,0.007721934
0.0002049801,0.0004629493,0.06587528,0.3569017,0.5725831,0.003972072
0.2006642,0.1539136,0.3565606,0.1930881,0.07218871,0.02358477
0.001667788,0.03364689,0.3061802,0.6401924,0.01790362,0.0004089521
0.2334282,0.193395,0.3449944,0.1651402,0.04814107,0.01490109
0.02362014,0.04233946,0.498817,0.3139725,0.1109743,0.01027662
0.009156446,0.02763845,0.3994782,0.4644471,0.09388043,0.00539927
0.0004860672,0.000661749,0.136641,0.1691119,0.686677,0.006422429
0.003116008,0.3048193,0.4975515,0.1930565,0.001451189,5.513261E-06
0.00031597,0.1523895,0.3319176,0.514186,0.00118929,1.551064E-06
0.0005158357,0.1654869,0.4162432,0.4162335,0.00151815,2.456111E-06
0.0001164196,0.05375395,0.2311845,0.7133871,0.001556688,1.32079E-06
0.02788444,0.8377612,0.1112872,0.02293252,0.0001308576,3.75187E-06
0.001154578,0.2729074,0.4452366,0.2795791,0.001119779,2.579639E-06
0.003579234,0.008280967,0.2738234,0.3076229,0.3720556,0.03463788
0.0002356249,0.2204928,0.2701924,0.5086199,0.0004587439,6.451005E-07
0.0003850542,0.01904455,0.2575565,0.7071696,0.01565872,0.0001854802
0.0001811141,0.2578827,0.1895409,0.552247,0.0001478352,4.600039E-07
0.001864483,0.5220124,0.3232113,0.152548,0.0003626371,1.16531E-06
0.0264785,0.6520895,0.2780263,0.04143892,0.001955452,1.133755E-05
0.001666576,0.7024843,0.1981337,0.09759257,0.0001224664,4.309994E-07
0.0009573394,0.6277966,0.2271191,0.1439851,0.0001413876,4.15479E-07
0.003329424,0.7190738,0.2037115,0.07373764,0.0001469242,7.157524E-07
0.7170653,0.2485661,0.02696158,0.006084327,0.001098891,0.0002237378
0.0009513424,0.6360106,0.2214546,0.141447,0.0001360883,3.970808E-07
0.072181,0.08833192,0.7227451,0.09772249,0.01863657,0.000382916
0.0253402,0.1039236,0.7561365,0.103873,0.01058641,0.0001403699
0.06392217,0.1009732,0.6419332,0.1605131,0.02873836,0.003920021
0.02692856,0.7266383,0.1909273,0.05512957,0.0003562089,2.003149E-05
0.02805999,0.8078766,0.1224953,0.0413883,0.0001723199,7.416466E-06
0.04211966,0.5290914,0.3465536,0.08110512,0.00106646,6.368283E-05
0.004639206,0.7106871,0.1967655,0.08770786,0.0001954545,4.939118E-06
0.02918845,0.729406,0.1942646,0.04677281,0.0003483025,1.987262E-05
0.01404141,0.8259337,0.1216551,0.0382195,0.0001433837,6.856805E-06
0.8128967,0.06676849,0.09265582,0.02507729,0.002330536,0.0002710999
0.01085679,0.7627202,0.1690031,0.0571976,0.0002140584,8.31205E-06
0.1007485,0.1164894,0.6936625,0.07546032,0.01327045,0.0003687433
0.06884183,0.7648919,0.1431692,0.02280029,0.0002747262,2.207165E-05
0.8103934,0.06718522,0.08818073,0.02591475,0.007607617,0.0007183001
0.6961288,0.154098,0.1165962,0.02774306,0.004932117,0.0005018278
0.9516106,0.02410918,0.01732458,0.00611583,0.0007531054,8.668775E-05
0.8421746,0.115563,0.0312762,0.009928096,0.0008678679,0.0001902526
0.5476795,0.2130137,0.1961588,0.03758573,0.005147553,0.0004147523
0.8387666,0.0156109,0.08636493,0.03387678,0.02488627,0.0004945325
0.9541904,0.006019442,0.0251231,0.01101113,0.003533256,0.0001226058
0.8927492,0.02423156,0.05653811,0.02039506,0.005722968,0.0003631503
0.939339,0.01091224,0.03211252,0.01302001,0.004408627,0.0002077399
0.9661402,0.01931523,0.01008787,0.00389192,0.0005003338,6.448164E-05
0.9130384,0.03436465,0.03561829,0.01262678,0.003987809,0.0003640079
0.9087473,0.009967337,0.04676905,0.02112243,0.01311129,0.0002825632
0.9856989,0.00273996,0.00751971,0.003099372,0.0009194931,2.257823E-05
0.9838123,0.002916268,0.008469796,0.003635792,0.00113464,3.121268E-05
0.9455072,0.007137104,0.03349248,0.01011186,0.003709108,4.225789E-05
0.9428979,0.006052355,0.03647678,0.01116723,0.003369376,3.639671E-05
0.9687335,0.006251387,0.01581973,0.006988574,0.002108573,9.824622E-05
0.5135992,0.2623212,0.2103896,0.009795053,0.003634299,0.0002605915
0.4407347,0.2950561,0.2518283,0.009187037,0.002991635,0.0002022891
0.4947115,0.2943136,0.2018524,0.007134884,0.001892235,9.526216E-05
0.5244225,0.2651213,0.1983493,0.008879775,0.003029292,0.0001978479
0.501845,0.2960969,0.1938621,0.006507917,0.001615718,7.239469E-05
0.585907,0.2606671,0.147368,0.004914747,0.001065237,7.793463E-05
0.7048284,0.2480715,0.04305084,0.003218934,0.000734165,9.619371E-05
0.6596339,0.2885186,0.05005122,0.001474894,0.0002952703,2.594837E-05
0.6961352,0.2579169,0.04225716,0.002962017,0.0006473323,8.11841E-05
0.7276906,0.226871,0.04373867,0.001349881,0.0003233004,2.646633E-05
0.09393082,0.8531873,0.05084225,0.001893839,0.0001235086,2.227658E-05
0.8237724,0.1513211,0.02374966,0.0009573009,0.000184123,1.541153E-05
0.6353653,0.1788175,0.1744149,0.008593881,0.002568318,0.0002401075
0.8275449,0.1334007,0.03680291,0.001704438,0.0004976194,4.930602E-05
0.6637358,0.1669242,0.1600434,0.007155599,0.001980964,0.0001600747
0.7068598,0.1552722,0.1294745,0.006432809,0.001820227,0.0001405252
0.669728,0.1673744,0.1547462,0.006418367,0.0016135,0.0001195013
0.7591676,0.1361394,0.1005367,0.003576432,0.0005453555,3.457164E-05
0.5326299,0.3933329,0.06842845,0.004991494,0.0005349122,8.229904E-05
0.6622775,0.2641967,0.0684647,0.004308202,0.0006455734,0.0001073582
0.6174671,0.3338876,0.04600555,0.002361908,0.0002454279,3.249902E-05
0.9929106,0.005437124,0.001339879,3.191445E-05,0.0002331731,4.737904E-05
0.2137715,0.1238066,0.6360727,0.0195972,0.006626853,0.0001250285
0.2109794,0.1105413,0.6518981,0.02003715,0.006430418,0.000113568
0.6762039,0.2052425,0.1140803,0.003944845,0.0004862095,4.224613E-05
0.2187615,0.1035434,0.6490285,0.02128397,0.007248541,0.0001340988
0.1627922,0.2098689,0.6023899,0.02014548,0.004676887,0.0001266487
0.6808473,0.2767114,0.04030391,0.001950626,0.0001626224,2.406884E-05
0.9092628,0.05256498,0.03543755,0.002265725,0.0004292578,3.970431E-05
0.8699108,0.05580572,0.06877571,0.004533172,0.000898803,7.576575E-05
0.7470315,0.1345683,0.1130083,0.004677782,0.0006601745,5.410718E-05
0.8318563,0.06935472,0.0921706,0.005493832,0.001034954,8.956437E-05
0.8990032,0.05946512,0.03881162,0.002298451,0.0003854457,3.60369E-05
0.9187715,0.05957532,0.02071732,0.0008627897,6.841037E-05,4.676685E-06
0.6718054,0.24088,0.08398156,0.002926397,0.0003740317,3.268408E-05
0.9190425,0.05978408,0.02031084,0.0007986153,6.002629E-05,3.991135E-06
0.4710515,0.1028657,0.4156918,0.008899398,0.001467274,2.430616E-05
0.355924,0.5990867,0.04293783,0.001822314,0.0001842419,4.484233E-05
0.8541167,0.07000414,0.07090911,0.004256431,0.0006581789,5.541247E-05
0.897638,0.05585013,0.04274865,0.003270929,0.0004429302,4.943894E-05
0.9040591,0.07462499,0.02044555,0.0007958678,6.795972E-05,6.509549E-06
0.8182048,0.1114984,0.06473925,0.00488271,0.0005949829,7.991475E-05
0.9206618,0.06166375,0.01708695,0.0005458996,3.859802E-05,3.009743E-06
0.4971288,0.4658043,0.03468943,0.002044063,0.000265311,6.81557E-05
0.5465397,0.03781267,0.3284512,0.04521939,0.04029153,0.001685415
0.6108976,0.3267454,0.05274494,0.008312662,0.001033291,0.0002660583
0.834034,0.07495308,0.07806384,0.01061292,0.002032894,0.0003032645
0.3762421,0.5233591,0.08444853,0.01496516,0.0008533643,0.0001317448
0.9161506,0.03088015,0.04475873,0.006528261,0.001486116,0.0001961317
0.5159116,0.4074651,0.06447712,0.01088442,0.001037237,0.0002245006
0.9345622,0.02784369,0.03095937,0.005470935,0.001011045,0.0001527186
0.6069009,0.03421231,0.3255402,0.02266897,0.01047216,0.0002053489
0.9453657,0.02383865,0.02588895,0.004112151,0.0007016963,9.290197E-05
0.7279122,0.2278044,0.03870928,0.005112632,0.0003831712,7.816095E-05
0.9096442,0.04395899,0.03958602,0.005792665,0.0009025878,0.0001154308
0.8822691,0.0744508,0.03543009,0.006938156,0.0007757896,0.0001359925
0.9013718,0.04830286,0.04112026,0.007824886,0.00123206,0.0001481956
0.9222428,0.05642196,0.01786952,0.002847241,0.0005156398,0.0001028509
0.9321844,0.04119511,0.02285101,0.00316413,0.0005371836,6.824794E-05
0.8322203,0.1349948,0.02559066,0.006036928,0.0008981402,0.0002590536
0.9123403,0.05359525,0.02829181,0.004850649,0.0007999091,0.0001219916
0.8900824,0.08498567,0.01990118,0.004134955,0.0007002697,0.0001955492
0.9258692,0.05925682,0.009629072,0.002919441,0.001953756,0.0003716426
0.9651313,0.02857394,0.005121496,0.0008674104,0.0002529164,5.301379E-05
0.9119533,0.07843485,0.007520779,0.001695676,0.0003023485,9.306749E-05
0.9369613,0.03515727,0.02237519,0.003286133,0.002071725,0.0001483543
0.9471803,0.0477876,0.003814677,0.000843172,0.0002774413,9.679326E-05
0.9677558,0.02410186,0.006816552,0.001002701,0.0002791955,4.388922E-05
0.9385636,0.05753198,0.003216173,0.0005752478,8.935705E-05,2.35226E-05
0.9772441,0.02077804,0.00148744,0.0003350398,0.0001200966,3.529484E-05
0.967906,0.03021617,0.001462025,0.0003076019,8.224449E-05,2.589998E-05
0.9719906,0.02536076,0.001915875,0.0005079915,0.0001698374,5.495772E-05
0.9552562,0.04192282,0.002266387,0.0004428567,8.713982E-05,2.466401E-05
0.9685601,0.02580635,0.003989626,0.00125113,0.000315005,7.777641E-05
0.8989006,0.01598684,0.0553314,0.02133337,0.008084589,0.0003631359
0.9279998,0.007806205,0.04547644,0.01409584,0.004490996,0.000130748
0.8910437,0.0132565,0.06107735,0.02551235,0.008738359,0.0003717736
0.9870793,0.007667824,0.004454894,0.0007347582,6.005136E-05,3.134834E-06
0.9098081,0.01181729,0.05080681,0.0200165,0.007281367,0.0002698846
0.9893796,0.006366476,0.003684549,0.000524945,4.258711E-05,1.943597E-06
0.7731557,0.2028713,0.01888069,0.004773003,0.0002675654,5.17837E-05
0.9519394,0.0358148,0.008506606,0.003266073,0.0003922653,8.088335E-05
0.6709134,0.3036493,0.02096978,0.004260911,0.0001785697,2.798362E-05
0.9693959,0.01157606,0.0115965,0.004965965,0.002284796,0.000180781
0.7716275,0.1978169,0.02345606,0.006320546,0.0006569299,0.0001219357
0.9727907,0.005231204,0.01417097,0.005623646,0.002119534,6.402079E-05
0.9840115,0.01495109,0.0006958896,0.0002711623,5.632946E-05,1.409495E-05
0.9412394,0.05030074,0.005845788,0.00209244,0.0004296412,9.206264E-05
0.9685352,0.0278444,0.002280747,0.001000119,0.0002718112,6.770777E-05
0.9672316,0.02906626,0.0023506,0.00101711,0.000267643,6.683798E-05
0.9786322,0.01376205,0.00452164,0.002062824,0.000891179,0.000130152
0.8897803,0.1020182,0.006380456,0.001606049,0.0001750933,3.98412E-05
0.9789338,0.01894365,0.001396835,0.00062272,8.139962E-05,2.146842E-05
0.8459365,0.1471468,0.005577624,0.001269958,5.936191E-05,9.655439E-06
0.9897246,0.008222551,0.001325515,0.0006117125,9.847677E-05,1.70658E-05
0.9653131,0.0322206,0.001744528,0.0006404711,6.509124E-05,1.622313E-05
0.9463801,0.0509531,0.002002009,0.0006030127,5.041328E-05,1.129113E-05
0.966823,0.0314108,0.001277641,0.0004314295,4.631274E-05,1.084209E-05
0.9916826,0.007670618,0.000401749,0.0002012545,3.506571E-05,8.631054E-06
0.9972855,0.001902601,0.0005396159,0.0002351421,3.462379E-05,2.601197E-06
0.999065,0.0005501473,0.0002596683,0.0001121487,1.277089E-05,4.00806E-07
0.9990746,0.0005439433,0.0002574629,0.0001109985,1.25827E-05,3.913305E-07
0.9560454,0.0426483,0.001007786,0.0002741597,2.033397E-05,4.06756E-06
0.9907747,0.008566562,0.0004166596,0.0002008548,3.305612E-05,8.101635E-06
0.9978546,0.002106057,2.4897E-05,1.108734E-05,2.948131E-06,5.252475E-07
0.783164,0.2137374,0.002704706,0.0003850303,8.031146E-06,8.054848E-07
0.5821186,0.4139848,0.003616429,0.0002768208,3.099806E-06,2.102472E-07
0.960548,0.0390003,0.0003638679,8.310519E-05,4.107408E-06,5.989878E-07
0.9955901,0.004362796,3.662626E-05,8.78628E-06,1.367328E-06,2.560089E-07
0.9963117,0.003482931,0.0001169988,5.967359E-05,2.337584E-05,5.299176E-06
0.9964808,0.003410687,6.629141E-05,2.994556E-05,1.010759E-05,2.194705E-06
0.9930174,0.006909593,5.807923E-05,1.143511E-05,2.844587E-06,5.433104E-07
0.9785564,0.02117404,0.000221836,4.189972E-05,4.896776E-06,8.520527E-07
0.9913375,0.008555952,8.362561E-05,1.828165E-05,3.807705E-06,7.395928E-07
0.9946851,0.005201092,7.787177E-05,2.712956E-05,7.231708E-06,1.54814E-06
0.9698225,0.02990393,0.0002388536,3.111473E-05,3.102395E-06,4.749118E-07
0.9177772,0.06474553,0.01654492,0.0008321805,8.616904E-05,1.385108E-05
0.9794134,0.0164317,0.003657045,0.00043181,5.698425E-05,9.078221E-06
0.8224205,0.1330262,0.04319144,0.001246371,0.00010173,1.37535E-05
0.8829435,0.09046886,0.02547949,0.001000633,9.36049E-05,1.399926E-05
0.9231446,0.06066922,0.01528313,0.0008050411,8.421127E-05,1.37043E-05
0.9301469,0.05532981,0.01366048,0.0007678581,8.147954E-05,1.349171E-05
0.8373389,0.1284669,0.03350577,0.0006419019,4.127488E-05,5.263629E-06
0.9284159,0.05919009,0.01194187,0.0004121338,3.458712E-05,5.302567E-06
0.9117986,0.07222468,0.01547312,0.0004619517,3.627692E-05,5.323514E-06
0.8903424,0.08881519,0.02028007,0.0005190698,3.798601E-05,5.321143E-06
0.9936396,0.005244149,0.0009623803,0.000127943,2.265566E-05,3.17313E-06
0.9824829,0.01482973,0.002463367,0.0001909716,2.818643E-05,4.729382E-06
0.9952741,0.004093809,0.000574222,4.654408E-05,9.806625E-06,1.438747E-06
0.9936188,0.005539981,0.0007719617,5.677275E-05,1.084046E-05,1.632135E-06
0.994761,0.004548965,0.0006300308,4.855149E-05,9.92023E-06,1.472214E-06
0.9985862,0.001189728,0.0001840081,3.17392E-05,7.598248E-06,7.668417E-07
0.9968654,0.002686715,0.0003965542,4.08754E-05,9.2515E-06,1.211097E-06
0.9620002,0.03278539,0.005053928,0.0001472804,1.158927E-05,1.690335E-06
0.9918697,0.007215947,0.0008748806,3.443094E-05,4.474862E-06,5.943666E-07
0.9982784,0.001522985,0.0001783597,1.56068E-05,4.210728E-06,4.895888E-07
0.9981878,0.001609985,0.0001829261,1.497882E-05,3.858802E-06,4.492431E-07
0.9990726,0.0008143579,9.704032E-05,1.222776E-05,3.462485E-06,3.485201E-07
0.9751375,0.0219539,0.002841676,6.183604E-05,4.531541E-06,5.849135E-07
0.9984351,0.00138325,0.0001621555,1.496937E-05,4.152217E-06,4.729617E-07
0.8017004,0.1692183,0.02898846,9.062907E-05,2.101761E-06,1.865144E-07
0.9937988,0.005673195,0.0005131151,1.336678E-05,1.401538E-06,1.430568E-07
0.9624009,0.03373606,0.003823801,3.737946E-05,1.613033E-06,1.772319E-07
0.9923005,0.007029663,0.0006530921,1.516342E-05,1.431557E-06,1.47064E-07
0.8382428,0.1390604,0.02261236,8.21463E-05,2.069274E-06,1.895108E-07
0.9733651,0.0239868,0.002615511,3.080362E-05,1.582137E-06,1.697505E-07
