A,-0.00781962800000000000,0.00009933904000000000,0.99737590000000000000,109.81930000000000000000
A,-0.00588569600000000000,0.00009341291000000000,0.99613090000000000000,109.81930000000000000000
A,-0.00843809000000000000,0.00009734332000000000,0.99613090000000000000,109.81930000000000000000
A,-0.00613884000000000000,0.00008488359000000000,0.99613090000000000000,109.81930000000000000000
A,-0.00695352400000000000,0.00009106447000000000,0.99613090000000000000,109.81930000000000000000
A,-0.00496298100000000000,0.00008114422000000000,0.99613090000000000000,109.81930000000000000000
A,-0.00194158200000000000,0.00005120187000000000,0.99687450000000000000,116.04000000000000000000
A,-0.01125984000000000000,0.00010615200000000000,1.00267400000000000000,116.04000000000000000000
A,-0.00575425700000000000,0.00008329940000000000,0.99687450000000000000,116.04000000000000000000
A,-0.01318324000000000000,0.00011777450000000000,1.00202900000000000000,116.04000000000000000000
A,-0.00732970600000000000,0.00009639766000000000,0.99622610000000000000,116.04000000000000000000
A,-0.00865176900000000000,0.00009437742000000000,0.99687450000000000000,116.04000000000000000000
A,-0.00309546900000000000,0.00006241792000000000,1.00063100000000000000,123.14300000000000000000
A,-0.00143433500000000000,0.00006519299000000000,0.99880950000000000000,123.14300000000000000000
A,-0.00427139400000000000,0.00006550953000000000,1.00063100000000000000,123.14300000000000000000
A,-0.00602484600000000000,0.00006121614000000000,1.00002100000000000000,123.21780000000000000000
A,-0.00628710300000000000,0.00006348411000000000,1.00002100000000000000,123.21780000000000000000
A,-0.00227440700000000000,0.00006347886000000000,0.99880950000000000000,123.14300000000000000000
A,-0.00554719500000000000,0.00005965238000000000,0.99589200000000000000,130.39550000000000000000
A,-0.00286862500000000000,0.00005736322000000000,0.99940170000000000000,129.87210000000000000000
A,-0.00838446600000000000,0.00006480757000000000,0.99810640000000000000,129.87210000000000000000
A,-0.00489709600000000000,0.00006673057000000000,0.99857710000000000000,129.96830000000000000000
A,-0.00511657800000000000,0.00006763465000000000,0.99857710000000000000,129.96830000000000000000
A,0.00115315500000000000,0.00004885206000000000,1.00054900000000000000,129.96830000000000000000
A,-0.01134980000000000000,0.00010741200000000000,0.99615140000000000000,137.65870000000000000000
A,-0.01127189000000000000,0.00010051130000000000,0.99615140000000000000,137.65870000000000000000
A,-0.00732743700000000000,0.00008842636000000000,1.00266900000000000000,137.65870000000000000000
A,-0.00940707400000000000,0.00009479598000000000,1.00266900000000000000,137.65870000000000000000
A,-0.00710534500000000000,0.00008552318000000000,1.00266900000000000000,137.65870000000000000000
A,-0.00432011500000000000,0.00007852583000000000,0.99615140000000000000,137.65870000000000000000
A,-0.00621078300000000000,0.00005366105000000000,0.99692780000000000000,146.02200000000000000000
A,-0.00426015500000000000,0.00005957446000000000,1.00000000000000000000,145.34910000000000000000
A,-0.00108307800000000000,0.00005858788000000000,1.00000000000000000000,145.34910000000000000000
A,0.00018450980000000000,0.00005562587000000000,1.00000000000000000000,145.34910000000000000000
A,-0.00196777300000000000,0.00005911200000000000,1.00000000000000000000,145.34910000000000000000
A,-0.00158639000000000000,0.00005781706000000000,0.99488750000000000000,146.24630000000000000000
A,0.00320969000000000000,0.00005293717000000000,1.00222900000000000000,154.32130000000000000000
A,0.00231872600000000000,0.00005217885000000000,1.00106600000000000000,154.32130000000000000000
A,0.00223585900000000000,0.00005270686000000000,1.00106600000000000000,154.32130000000000000000
A,0.00290497800000000000,0.00004998885000000000,1.00222900000000000000,154.32130000000000000000
A,0.00147200400000000000,0.00005451658000000000,1.00222900000000000000,154.32130000000000000000
A,0.00228882700000000000,0.00005117387000000000,1.00222900000000000000,154.32130000000000000000
A,-0.00120867300000000000,0.00005380878000000000,0.99442630000000000000,164.19070000000000000000
A,-0.00670456700000000000,0.00006277458000000000,0.99581060000000000000,164.19070000000000000000
A,-0.00242199700000000000,0.00005910674000000000,0.99581060000000000000,164.19070000000000000000
A,0.00118206500000000000,0.00004138399000000000,0.99807690000000000000,163.29350000000000000000
A,-0.00470376100000000000,0.00005815571000000000,0.99581060000000000000,164.19070000000000000000
A,0.00222106200000000000,0.00005302994000000000,0.99899270000000000000,163.29350000000000000000
A,0.00216904800000000000,0.00004546633000000000,0.99666910000000000000,173.80370000000000000000
A,0.00815198900000000000,0.00004985201000000000,0.99865420000000000000,173.34230000000000000000
A,0.00591213700000000000,0.00006291451000000000,0.99728260000000000000,173.34230000000000000000
A,0.00722270200000000000,0.00005104242000000000,0.99570800000000000000,173.80370000000000000000
A,0.00607774300000000000,0.00044127830000000000,0.96493270000000000000,173.34230000000000000000
A,0.00640066200000000000,0.00004278864000000000,0.99451350000000000000,173.34230000000000000000
A,0.01082912000000000000,0.00003859210000000000,0.99691060000000000000,183.92940000000000000000
A,0.00769405100000000000,0.00004414858000000000,0.99532160000000000000,184.10890000000000000000
A,0.00869120900000000000,0.00004477452000000000,0.99532160000000000000,184.10890000000000000000
A,0.01216200000000000000,0.00004437798000000000,0.99532160000000000000,184.10890000000000000000
A,0.01311931000000000000,0.00004282739000000000,0.99532160000000000000,184.10890000000000000000
A,0.01053233000000000000,0.00005284951000000000,0.99561410000000000000,184.10890000000000000000
A,0.01809642000000000000,0.00003987071000000000,0.99880290000000000000,194.87550000000000000000
A,0.01200247000000000000,0.00004163535000000000,0.99696130000000000000,194.87550000000000000000
A,0.01675561000000000000,0.00003840654000000000,0.99558010000000000000,194.87550000000000000000
A,0.01498652000000000000,0.00003966965000000000,0.99558010000000000000,194.87550000000000000000
A,0.01517783000000000000,0.00004686675000000000,0.99482760000000000000,195.14470000000000000000
A,0.02054491000000000000,0.00005591550000000000,0.99540230000000000000,195.14470000000000000000
A,0.01967214000000000000,0.00004849645000000000,1.00054500000000000000,205.91130000000000000000
A,0.02383988000000000000,0.00004369182000000000,0.99727670000000000000,205.91130000000000000000
A,0.02185048000000000000,0.00004688952000000000,0.99727670000000000000,205.91130000000000000000
A,0.02111392000000000000,0.00004894339000000000,1.00054500000000000000,205.91130000000000000000
A,0.02207393000000000000,0.00004831264000000000,0.99727670000000000000,205.91130000000000000000
A,0.02636290000000000000,0.00004466454000000000,1.00054500000000000000,205.91130000000000000000
A,0.01705891000000000000,0.00005194101000000000,0.99948880000000000000,219.36950000000000000000
A,0.00904730800000000000,0.00005639022000000000,1.00411500000000000000,218.02370000000000000000
A,0.01134789000000000000,0.00005718072000000000,1.00411500000000000000,218.02370000000000000000
A,0.01668397000000000000,0.00004526280000000000,1.00131400000000000000,218.56200000000000000000
A,0.01481736000000000000,0.00005573320000000000,1.00411500000000000000,218.02370000000000000000
A,0.01709530000000000000,0.00004555249000000000,1.00131400000000000000,218.56200000000000000000
A,0.02998888000000000000,0.00005162200000000000,1.00000000000000000000,231.48190000000000000000
A,0.03751665000000000000,0.00003775270000000000,1.00000000000000000000,231.48190000000000000000
A,0.02372732000000000000,0.00005079244000000000,1.00000000000000000000,231.48190000000000000000
A,0.02709948000000000000,0.00004291188000000000,1.00000000000000000000,231.48190000000000000000
A,0.03434646000000000000,0.00005360358000000000,1.00000000000000000000,231.48190000000000000000
A,0.03356089000000000000,0.00005171653000000000,1.00000000000000000000,231.48190000000000000000
A,0.02356215000000000000,0.00005207142000000000,1.00341100000000000000,245.47850000000000000000
A,0.02463517000000000000,0.00007483890000000000,1.00365000000000000000,245.83740000000000000000
A,0.02080820000000000000,0.00007120933000000000,1.00365000000000000000,245.83740000000000000000
A,0.01834137000000000000,0.00005271459000000000,1.00341100000000000000,245.47850000000000000000
A,0.02173639000000000000,0.00007715132000000000,1.00365000000000000000,245.83740000000000000000
A,0.01885817000000000000,0.00007497855000000000,1.00365000000000000000,245.83740000000000000000
A,0.02979431000000000000,0.00005012041000000000,0.99540230000000000000,260.19290000000000000000
A,0.02932025000000000000,0.00003750560000000000,0.99784110000000000000,259.74430000000000000000
A,0.02615930000000000000,0.00004085367000000000,0.99784110000000000000,259.74430000000000000000
A,0.02623822000000000000,0.00004168684000000000,0.99784110000000000000,259.74430000000000000000
A,0.02607142000000000000,0.00004075210000000000,0.99784110000000000000,259.74430000000000000000
A,0.02399434000000000000,0.00004126316000000000,0.99784110000000000000,259.74430000000000000000
A,0.02488817000000000000,0.00004343681000000000,0.99634150000000000000,275.89420000000000000000
A,0.02548279000000000000,0.00005285188000000000,1.00000000000000000000,274.54830000000000000000
A,0.02673279000000000000,0.00005298388000000000,1.00000000000000000000,274.54830000000000000000
A,0.02571037000000000000,0.00004157029000000000,0.99634150000000000000,275.89420000000000000000
A,0.02526954000000000000,0.00005130680000000000,1.00000000000000000000,274.54830000000000000000
A,0.02177477000000000000,0.00004988624000000000,0.99567100000000000000,276.34280000000000000000
A,0.02080025000000000000,0.00005547846000000000,1.00000000000000000000,290.69820000000000000000
A,0.02272818000000000000,0.00004155590000000000,0.99654380000000000000,292.04410000000000000000
A,0.02149305000000000000,0.00005699453000000000,1.00000000000000000000,290.69820000000000000000
A,0.01888964000000000000,0.00005471797000000000,1.00000000000000000000,290.69820000000000000000
A,0.01810690000000000000,0.00005368939000000000,1.00000000000000000000,290.69820000000000000000
A,0.02225429000000000000,0.00005436687000000000,1.00000000000000000000,290.69820000000000000000
A,0.01054890000000000000,0.00005923490000000000,0.99710140000000000000,309.53980000000000000000
A,0.01063586000000000000,0.00005599120000000000,0.99710140000000000000,309.53980000000000000000
A,0.00842554300000000000,0.00004869193000000000,0.99710140000000000000,309.53980000000000000000
A,0.01313997000000000000,0.00007793324000000000,0.99565220000000000000,309.53980000000000000000
A,0.00925205200000000000,0.00005865671000000000,0.99710140000000000000,309.53980000000000000000
A,0.00906027100000000000,0.00006050008000000000,0.99710140000000000000,309.53980000000000000000
A,0.01407864000000000000,0.00008331380000000000,1.00000000000000000000,328.38130000000000000000
A,0.01975566000000000000,0.00007195585000000000,1.00000000000000000000,328.38130000000000000000
A,0.01808106000000000000,0.00007522344000000000,1.00000000000000000000,328.38130000000000000000
A,0.03682663000000000000,0.00004461301000000000,1.00000000000000000000,328.38130000000000000000
A,0.03029526000000000000,0.00004445620000000000,1.00000000000000000000,328.38130000000000000000
A,0.04625512000000000000,0.00005029477000000000,1.00000000000000000000,328.38130000000000000000
A,0.00438596300000000000,0.00009321507000000000,1.00387600000000000000,347.22290000000000000000
A,0.01079658000000000000,0.00005779837000000000,0.99570450000000000000,348.12010000000000000000
A,0.02069509000000000000,0.00005156366000000000,0.99913640000000000000,346.32570000000000000000
A,0.01937267000000000000,0.00005224656000000000,0.99570450000000000000,348.12010000000000000000
A,0.02614232000000000000,0.00005015600000000000,0.99913640000000000000,346.32570000000000000000
A,0.02202992000000000000,0.00005138845000000000,0.99913640000000000000,346.32570000000000000000
A,0.04141482000000000000,0.00004685769000000000,0.99674800000000000000,367.85890000000000000000
A,0.04239644000000000000,0.00004379021000000000,0.99674800000000000000,367.85890000000000000000
A,0.03700510000000000000,0.00004295476000000000,0.99674800000000000000,367.85890000000000000000
A,0.03990607000000000000,0.00004280185000000000,0.99674800000000000000,367.85890000000000000000
A,0.04294079000000000000,0.00004394910000000000,0.99674800000000000000,367.85890000000000000000
A,0.04466626000000000000,0.00004414950000000000,0.99674800000000000000,367.85890000000000000000
A,0.05037881000000000000,0.00004140120000000000,0.99692780000000000000,389.39210000000000000000
A,0.04666056000000000000,0.00005777627000000000,0.99769590000000000000,389.39210000000000000000
A,0.05139077000000000000,0.00005726739000000000,0.99769590000000000000,389.39210000000000000000
A,0.05390232000000000000,0.00005624906000000000,0.99769590000000000000,389.39210000000000000000
A,0.04362516000000000000,0.00005459565000000000,0.99769590000000000000,389.39210000000000000000
A,0.04471667000000000000,0.00005552471000000000,0.99769590000000000000,389.39210000000000000000
A,0.04401077000000000000,0.00005550087000000000,1.00217400000000000000,412.71970000000000000000
A,0.05699880000000000000,0.00004037502000000000,1.00072500000000000000,412.71970000000000000000
A,0.03689934000000000000,0.00005726219000000000,1.00326800000000000000,411.82250000000000000000
A,0.03586370000000000000,0.00004246446000000000,1.00072500000000000000,412.71970000000000000000
A,0.04370653000000000000,0.00004243729000000000,1.00072500000000000000,412.71970000000000000000
A,0.04669032000000000000,0.00004148052000000000,1.00072500000000000000,412.71970000000000000000
A,0.04541741000000000000,0.00005860249000000000,1.00000000000000000000,436.04740000000000000000
A,0.05216409000000000000,0.00005800679000000000,1.00000000000000000000,436.04740000000000000000
A,0.05837745000000000000,0.00005981206000000000,1.00000000000000000000,436.04740000000000000000
A,0.03374900000000000000,0.00005839331000000000,1.00000000000000000000,436.04740000000000000000
A,0.03280929000000000000,0.00006098128000000000,0.99693250000000000000,438.73900000000000000000
A,0.04205696000000000000,0.00006038475000000000,1.00000000000000000000,436.04740000000000000000
B,-0.04322418000000000000,0.00010464700000000000,0.99884430000000000000,245.83740000000000000000
B,-0.01782563000000000000,0.00049580350000000000,0.97716860000000000000,245.47850000000000000000
B,-0.02613856000000000000,0.00010508560000000000,1.00226600000000000000,245.47850000000000000000
B,-0.02769948000000000000,0.00010328420000000000,1.00066900000000000000,245.83740000000000000000
B,-0.00909032300000000000,0.00007452563000000000,1.00066900000000000000,245.83740000000000000000
B,-0.04252312000000000000,0.00008038503000000000,0.99901120000000000000,246.28600000000000000000
B,-0.03671474000000000000,0.00041831050000000000,0.98928110000000000000,261.47460000000000000000
B,-0.02897696000000000000,0.00007148701000000000,0.99428870000000000000,260.70560000000000000000
B,-0.00975242200000000000,0.00006024158000000000,1.00390600000000000000,260.70560000000000000000
B,-0.03006884000000000000,0.00044146380000000000,0.98475490000000000000,261.47460000000000000000
B,-0.05070626000000000000,0.00011114020000000000,0.99889810000000000000,260.55180000000000000000
B,-0.03085880000000000000,0.00009502969000000000,1.00263500000000000000,261.09010000000000000000
B,-0.05277537000000000000,0.00009484080000000000,0.99867280000000000000,276.85550000000000000000
B,-0.01436485000000000000,0.00008356588000000000,0.99896240000000000000,276.70170000000000000000
B,-0.01541558000000000000,0.00045586520000000000,0.99312580000000000000,276.70170000000000000000
B,-0.03724417000000000000,0.00010031720000000000,0.99896240000000000000,276.70170000000000000000
B,-0.05365904000000000000,0.00008972832000000000,1.00090800000000000000,276.70170000000000000000
B,-0.04600930000000000000,0.00037459250000000000,0.99192130000000000000,276.85550000000000000000
B,-0.00900279800000000000,0.00008637679000000000,0.99694190000000000000,293.38990000000000000000
B,-0.02407777000000000000,0.00009435604000000000,0.99694190000000000000,293.38990000000000000000
B,-0.02748858000000000000,0.00061512550000000000,0.99166670000000000000,292.85160000000000000000
B,-0.03409129000000000000,0.00007028542000000000,1.00177700000000000000,292.85160000000000000000
B,-0.03021523000000000000,0.00008296268000000000,0.99901960000000000000,292.85160000000000000000
B,-0.02295870000000000000,0.00007911742000000000,0.99810050000000000000,292.85160000000000000000
B,-0.03221999000000000000,0.00008950123000000000,1.00289900000000000000,309.53980000000000000000
B,-0.03059033000000000000,0.00006516666000000000,1.01485500000000000000,309.53980000000000000000
B,-0.05614360000000000000,0.00010622060000000000,1.00289900000000000000,309.53980000000000000000
B,-0.01354960000000000000,0.00033218950000000000,0.98659420000000000000,309.53980000000000000000
B,-0.06019745000000000000,0.00010392270000000000,0.99855070000000000000,309.53980000000000000000
B,0.00451490700000000000,0.00006998331000000000,0.99855070000000000000,309.53980000000000000000
B,-0.02861475000000000000,0.00004428088000000000,0.99704010000000000000,328.38130000000000000000
B,-0.01110447000000000000,0.00006156490000000000,1.00000000000000000000,328.38130000000000000000
B,-0.01539940000000000000,0.00053755090000000000,0.98770490000000000000,328.38130000000000000000
B,-0.03021666000000000000,0.00005672397000000000,0.99590160000000000000,328.38130000000000000000
B,-0.05898804000000000000,0.00008062196000000000,1.00000000000000000000,328.38130000000000000000
B,-0.07086845000000000000,0.00007862769000000000,1.00000000000000000000,328.38130000000000000000
B,0.00972597300000000000,0.00051626060000000000,0.96511630000000000000,347.22290000000000000000
B,0.00736881000000000000,0.00007082993000000000,1.00085900000000000000,348.12010000000000000000
B,0.00575023300000000000,0.00007212591000000000,1.00085900000000000000,348.12010000000000000000
B,-0.00316254500000000000,0.00006133506000000000,1.00722400000000000000,347.76120000000000000000
B,-0.05179673000000000000,0.00008491576000000000,1.00141900000000000000,347.76120000000000000000
B,-0.01686209000000000000,0.00007337162000000000,1.00102900000000000000,348.83790000000000000000
B,-0.06749254000000000000,0.00008594064000000000,0.99769190000000000000,369.29440000000000000000
B,-0.01418565000000000000,0.00005874755000000000,0.99848930000000000000,368.21780000000000000000
B,-0.03043455000000000000,0.00007377744000000000,0.99865980000000000000,368.21780000000000000000
B,-0.02291295000000000000,0.00007256574000000000,0.99865980000000000000,368.21780000000000000000
B,-0.08187554000000000000,0.00005835791000000000,1.00141300000000000000,368.21780000000000000000
B,-0.04324836000000000000,0.00005706825000000000,1.00287500000000000000,368.21780000000000000000
B,-0.05273180000000000000,0.00006479889000000000,1.00073500000000000000,390.82760000000000000000
B,-0.05218408000000000000,0.00006236308000000000,0.99706160000000000000,390.82760000000000000000
B,-0.00938644300000000000,0.00005182015000000000,1.00073500000000000000,390.82760000000000000000
B,-0.03874606000000000000,0.00006011264000000000,1.00073500000000000000,390.82760000000000000000
B,-0.00176175600000000000,0.00005004078000000000,0.99797980000000000000,390.82760000000000000000
B,-0.06303492000000000000,0.00006606533000000000,1.00073500000000000000,390.82760000000000000000
B,0.06340764000000000000,0.00004625387000000000,1.00135700000000000000,413.16830000000000000000
B,0.07420848000000000000,0.00045281510000000000,0.99647120000000000000,413.16830000000000000000
B,0.02657644000000000000,0.00005506214000000000,0.99972860000000000000,413.16830000000000000000
B,0.01864452000000000000,0.00005489997000000000,0.99972860000000000000,413.16830000000000000000
B,-0.00409676700000000000,0.00006055216000000000,0.99972860000000000000,413.16830000000000000000
B,0.03123187000000000000,0.00041866750000000000,0.98181320000000000000,413.16830000000000000000
B,0.07562916000000000000,0.00005897379000000000,0.99931690000000000000,437.84180000000000000000
B,0.04261272000000000000,0.00005206575000000000,1.00025600000000000000,437.39320000000000000000
B,0.05033460000000000000,0.00004900050000000000,1.00025600000000000000,437.39320000000000000000
B,0.05378871000000000000,0.00055607950000000000,0.98702190000000000000,437.84180000000000000000
B,0.09241740000000000000,0.00004662523000000000,0.99871800000000000000,437.39320000000000000000
B,0.04721943000000000000,0.00005133610000000000,1.00025600000000000000,437.39320000000000000000
B,0.06014372000000000000,0.00004600509000000000,1.00000000000000000000,462.96390000000000000000
B,0.08434040000000000000,0.00005763360000000000,1.00000000000000000000,462.96390000000000000000
B,0.02835995000000000000,0.00005853648000000000,1.00000000000000000000,462.96390000000000000000
B,0.04097740000000000000,0.00005126571000000000,0.99742600000000000000,464.75830000000000000000
B,0.05366418000000000000,0.00005910348000000000,1.00000000000000000000,462.96390000000000000000
B,0.10106320000000000000,0.00043775810000000000,0.99031010000000000000,462.96390000000000000000
B,0.15784480000000000000,0.00005403188000000000,0.99817350000000000000,491.22620000000000000000
B,0.14621980000000000000,0.00004934821000000000,0.99817350000000000000,491.22620000000000000000
B,0.12231320000000000000,0.00043432730000000000,0.99695590000000000000,491.22620000000000000000
B,0.06153673000000000000,0.00005343958000000000,0.99817350000000000000,491.22620000000000000000
B,0.12934700000000000000,0.00004190720000000000,1.00730600000000000000,491.22620000000000000000
B,0.15634910000000000000,0.00005162206000000000,0.99817350000000000000,491.22620000000000000000
B,0.09702013000000000000,0.00056676050000000000,0.98711340000000000000,522.18020000000000000000
B,0.08887307000000000000,0.00059081930000000000,0.98445590000000000000,519.48850000000000000000
B,0.08932702000000000000,0.00007432020000000000,1.00259100000000000000,519.48850000000000000000
B,0.04750775000000000000,0.00008069268000000000,1.00259100000000000000,519.48850000000000000000
B,0.06055239000000000000,0.00008042077000000000,1.00259100000000000000,519.48850000000000000000
B,0.07528970000000000000,0.00008181868000000000,1.00259100000000000000,519.48850000000000000000
B,0.15695660000000000000,0.00004972007000000000,1.01225500000000000000,549.09670000000000000000
B,0.19142050000000000000,0.00006794147000000000,1.00000000000000000000,549.09670000000000000000
B,0.17486130000000000000,0.00005038679000000000,1.00054100000000000000,552.68550000000000000000
B,0.12569360000000000000,0.00051293670000000000,0.99024390000000000000,551.78830000000000000000
B,0.05427425000000000000,0.00007449520000000000,0.99756100000000000000,551.78830000000000000000
B,0.07987998000000000000,0.00007817420000000000,0.99756100000000000000,551.78830000000000000000
B,0.13014400000000000000,0.00005041699000000000,0.99948720000000000000,583.19090000000000000000
B,0.17225790000000000000,0.00005062520000000000,0.99948720000000000000,583.19090000000000000000
B,0.15156220000000000000,0.00005025231000000000,0.99948720000000000000,583.19090000000000000000
B,0.19625720000000000000,0.00004536444000000000,1.00051100000000000000,584.98540000000000000000
B,0.22700990000000000000,0.00004675354000000000,1.00051100000000000000,584.98540000000000000000
B,0.01074216000000000000,0.00005481939000000000,1.00000000000000000000,586.77980000000000000000
B,0.27681070000000000000,0.00004436792000000000,1.00000000000000000000,619.07960000000000000000
B,0.13050310000000000000,0.00004467358000000000,1.00000000000000000000,619.07960000000000000000
B,0.15458540000000000000,0.00004348113000000000,1.00000000000000000000,619.07960000000000000000
B,0.29099830000000000000,0.00004358739000000000,1.00000000000000000000,619.07960000000000000000
B,0.37428490000000000000,0.00004307372000000000,1.00000000000000000000,619.07960000000000000000
B,0.25525720000000000000,0.00040993570000000000,0.99275360000000000000,619.07960000000000000000
B,0.27137870000000000000,0.00003586165000000000,1.00456600000000000000,654.96830000000000000000
B,0.16858990000000000000,0.00006014048000000000,1.00137000000000000000,654.96830000000000000000
B,0.21064560000000000000,0.00004356142000000000,1.00045700000000000000,654.96830000000000000000
B,0.24307740000000000000,0.00004579783000000000,0.99771690000000000000,654.96830000000000000000
B,0.34095410000000000000,0.00029863310000000000,0.99863020000000000000,654.96830000000000000000
B,0.30220150000000000000,0.00033588740000000000,0.99250680000000000000,658.55710000000000000000
B,0.23348510000000000000,0.00010000000000000000,1.00000000000000000000,699.82910000000000000000
B,0.27641220000000000000,0.00010000000000000000,1.00000000000000000000,699.82910000000000000000
B,0.22516100000000000000,0.00005456891000000000,1.00193000000000000000,697.13750000000000000000
B,0.35220180000000000000,0.00010000000000000000,1.00000000000000000000,699.82910000000000000000
B,0.28868030000000000000,0.00005436471000000000,0.99806950000000000000,697.13750000000000000000
B,0.22470870000000000000,0.00005775917000000000,1.00000000000000000000,694.44580000000000000000
B,0.35180340000000000000,0.00032390180000000000,0.99272730000000000000,740.20390000000000000000
B,0.26710350000000000000,0.00005490147000000000,0.99818180000000000000,740.20390000000000000000
B,0.14832180000000000000,0.00005635063000000000,1.00181800000000000000,740.20390000000000000000
B,0.30616490000000000000,0.00024356050000000000,1.00424200000000000000,740.20390000000000000000
B,0.23678890000000000000,0.00005734315000000000,0.99818180000000000000,740.20390000000000000000
B,0.29639130000000000000,0.00047580170000000000,0.98181820000000000000,740.20390000000000000000
B,0.32806700000000000000,0.00005641743000000000,1.00000000000000000000,785.96190000000000000000
B,0.24261050000000000000,0.00005768827000000000,1.00000000000000000000,785.96190000000000000000
B,0.29065220000000000000,0.00046316240000000000,0.99143840000000000000,785.96190000000000000000
B,0.33997050000000000000,0.00005864454000000000,1.00000000000000000000,785.96190000000000000000
B,0.21366830000000000000,0.00005753354000000000,1.00000000000000000000,785.96190000000000000000
B,0.30319870000000000000,0.00044703730000000000,0.99143840000000000000,785.96190000000000000000
B,0.27931080000000000000,0.00026890910000000000,1.00054300000000000000,826.33670000000000000000
B,0.20708250000000000000,0.00006426444000000000,1.00162900000000000000,826.33670000000000000000
B,0.21055150000000000000,0.00006024655000000000,1.00162900000000000000,826.33670000000000000000
B,0.18376260000000000000,0.00006197519000000000,0.99837140000000000000,826.33670000000000000000
B,0.15474490000000000000,0.00005818458000000000,1.00162900000000000000,826.33670000000000000000
B,0.19371660000000000000,0.00006209914000000000,1.00162900000000000000,826.33670000000000000000
B,0.19619470000000000000,0.00006149240000000000,0.99847100000000000000,880.16970000000000000000
B,0.22257480000000000000,0.00006372677000000000,0.99847100000000000000,880.16970000000000000000
B,0.10311880000000000000,0.00006348272000000000,0.99847100000000000000,880.16970000000000000000
B,0.16157820000000000000,0.00006232603000000000,1.00000000000000000000,882.86130000000000000000
B,0.12881890000000000000,0.00005893256000000000,1.00000000000000000000,877.47800000000000000000
B,0.31488960000000000000,0.00006026835000000000,1.00000000000000000000,877.47800000000000000000
B,0.20954320000000000000,0.00006414868000000000,0.99855070000000000000,928.61940000000000000000
B,0.24278600000000000000,0.00025404040000000000,1.00338200000000000000,928.61940000000000000000
B,0.25920130000000000000,0.00042860750000000000,0.99492750000000000000,928.61940000000000000000
B,0.17721420000000000000,0.00006902668000000000,0.99855070000000000000,928.61940000000000000000
B,0.23731000000000000000,0.00027054680000000000,1.00048300000000000000,928.61940000000000000000
B,0.10871620000000000000,0.00006610730000000000,1.00144900000000000000,928.61940000000000000000
B,0.24992360000000000000,0.00006172738000000000,0.99863760000000000000,987.83570000000000000000
B,0.30363300000000000000,0.00006108765000000000,0.99863760000000000000,987.83570000000000000000
B,0.23120950000000000000,0.00004623229000000000,1.00545000000000000000,987.83570000000000000000
B,0.15025090000000000000,0.00006817842000000000,0.99863760000000000000,987.83570000000000000000
B,0.16007180000000000000,0.00006013115000000000,1.00000000000000000000,985.14400000000000000000
B,0.19258040000000000000,0.00006964629000000000,0.99863760000000000000,987.83570000000000000000
D,-0.00158830800000000000,0.00005692571000000000,0.99533370000000000000,146.54540000000000000000
D,-0.00170998400000000000,0.00005776634000000000,0.99533370000000000000,146.54540000000000000000
D,-0.00229886000000000000,0.00006306723000000000,0.99485240000000000000,146.54540000000000000000
D,-0.00080097040000000000,0.00006318260000000000,0.99841740000000000000,145.94730000000000000000
D,-0.00220569400000000000,0.00006273186000000000,0.99600030000000000000,146.54540000000000000000
D,-0.00224490300000000000,0.00005898565000000000,0.99533370000000000000,146.54540000000000000000
D,-0.00260325100000000000,0.00007211777000000000,0.99905690000000000000,155.44280000000000000000
D,-0.00073624170000000000,0.00006421120000000000,1.00006200000000000000,154.76990000000000000000
D,-0.00045811730000000000,0.00006170433000000000,1.00006200000000000000,154.76990000000000000000
D,-0.00180637900000000000,0.00007443069000000000,0.99899440000000000000,154.76990000000000000000
D,-0.00273110700000000000,0.00007067732000000000,0.99846790000000000000,154.76990000000000000000
D,-0.00427877900000000000,0.00007883768000000000,0.99846790000000000000,154.76990000000000000000
D,-0.00654743800000000000,0.00007546350000000000,0.99656520000000000000,164.19070000000000000000
D,-0.00767770500000000000,0.00008608635000000000,0.99841270000000000000,163.80620000000000000000
D,-0.00323819000000000000,0.00006771218000000000,0.99656520000000000000,164.19070000000000000000
D,-0.00502402300000000000,0.00007796192000000000,0.99841270000000000000,163.80620000000000000000
D,-0.00152225900000000000,0.00006806603000000000,0.99763020000000000000,163.80620000000000000000
D,-0.00560211400000000000,0.00007898871000000000,0.99841270000000000000,163.80620000000000000000
D,-0.00678422900000000000,0.00006994817000000000,0.99800660000000000000,173.61150000000000000000
D,-0.00525986900000000000,0.00006521201000000000,0.99800660000000000000,173.61150000000000000000
D,-0.00226055100000000000,0.00005400076000000000,0.99800660000000000000,173.61150000000000000000
D,-0.00313301700000000000,0.00005815353000000000,0.99800660000000000000,173.61150000000000000000
D,-0.00252331500000000000,0.00005682368000000000,0.99800660000000000000,173.61150000000000000000
D,-0.00229283300000000000,0.00005912606000000000,0.99800660000000000000,173.61150000000000000000
D,-0.00622630700000000000,0.00006872002000000000,0.99681550000000000000,184.57030000000000000000
D,-0.00424996300000000000,0.00007927755000000000,0.99732680000000000000,183.80130000000000000000
D,-0.00731839800000000000,0.00006869268000000000,0.99681550000000000000,184.57030000000000000000
D,-0.00028242360000000000,0.00005314502000000000,0.99542660000000000000,184.57030000000000000000
D,-0.00415991100000000000,0.00006228531000000000,0.99899380000000000000,183.80130000000000000000
D,-0.00400289500000000000,0.00006317857000000000,0.99899380000000000000,183.80130000000000000000
D,0.00037359320000000000,0.00005490553000000000,0.99512250000000000000,195.33690000000000000000
D,-0.00211482500000000000,0.00006051012000000000,0.99665360000000000000,195.33690000000000000000
D,-0.00007379235000000000,0.00005631822000000000,0.99839700000000000000,194.56790000000000000000
D,0.00166322300000000000,0.00005192954000000000,0.99839700000000000000,194.56790000000000000000
D,-0.00045697870000000000,0.00005600905000000000,0.99512250000000000000,195.33690000000000000000
D,-0.00218626800000000000,0.00005735773000000000,0.99839700000000000000,194.56790000000000000000
D,0.00235343800000000000,0.00004669672000000000,0.99702900000000000000,206.35990000000000000000
D,0.00109576600000000000,0.00005442159000000000,0.99920290000000000000,206.35990000000000000000
D,0.00107617500000000000,0.00005555931000000000,0.99920290000000000000,206.35990000000000000000
D,0.00134792600000000000,0.00005460089000000000,0.99920290000000000000,206.35990000000000000000
D,0.00446958100000000000,0.00004707664000000000,0.99615940000000000000,206.35990000000000000000
D,0.00260611000000000000,0.00005213804000000000,0.99920290000000000000,206.35990000000000000000
D,-0.00185166300000000000,0.00005526857000000000,0.99972680000000000000,218.92090000000000000000
D,-0.00299300000000000000,0.00005732622000000000,0.99972680000000000000,218.92090000000000000000
D,-0.00837860200000000000,0.00006979780000000000,0.99972680000000000000,218.92090000000000000000
D,-0.00368218900000000000,0.00006011053000000000,0.99972680000000000000,218.92090000000000000000
D,-0.00043930170000000000,0.00005379956000000000,0.99972680000000000000,218.92090000000000000000
D,-0.00458710500000000000,0.00005926580000000000,0.99972680000000000000,218.92090000000000000000
D,0.00436191900000000000,0.00004859077000000000,1.00000000000000000000,231.48190000000000000000
D,0.00396453300000000000,0.00004845729000000000,1.00000000000000000000,231.48190000000000000000
D,0.00469360400000000000,0.00004862783000000000,1.00000000000000000000,231.48190000000000000000
D,0.00799661200000000000,0.00004132724000000000,0.99678250000000000000,232.37920000000000000000
D,0.00625276400000000000,0.00004759881000000000,1.00000000000000000000,231.48190000000000000000
D,0.01351580000000000000,0.00004291631000000000,0.99629630000000000000,232.55860000000000000000
D,0.00695357200000000000,0.00005074086000000000,1.00117000000000000000,245.47850000000000000000
D,0.01609452000000000000,0.00005023399000000000,0.99488310000000000000,245.47850000000000000000
D,0.00546456300000000000,0.00005070770000000000,0.99970810000000000000,245.83740000000000000000
D,0.00300422000000000000,0.00005491482000000000,0.99970760000000000000,245.47850000000000000000
D,0.00706092900000000000,0.00005060023000000000,1.00117000000000000000,245.47850000000000000000
D,0.00956990700000000000,0.00005682686000000000,1.00109600000000000000,245.47850000000000000000
D,0.02040119000000000000,0.00003698092000000000,0.99910100000000000000,259.47510000000000000000
D,0.01878025000000000000,0.00003363438000000000,0.99764360000000000000,260.19290000000000000000
D,0.02009444000000000000,0.00003715992000000000,0.99579890000000000000,260.55180000000000000000
D,0.01939174000000000000,0.00004495659000000000,0.99784110000000000000,259.74430000000000000000
D,0.01972394000000000000,0.00004339416000000000,0.99784110000000000000,259.74430000000000000000
D,0.01998071000000000000,0.00004536992000000000,0.99784110000000000000,259.74430000000000000000
D,0.01644470000000000000,0.00004951703000000000,0.99796750000000000000,275.89420000000000000000
D,0.02467766000000000000,0.00003366185000000000,0.99785160000000000000,275.62500000000000000000
D,0.02456049000000000000,0.00003328414000000000,0.99785160000000000000,275.62500000000000000000
D,0.02347865000000000000,0.00003461627000000000,0.99687500000000000000,275.62500000000000000000
D,0.01822157000000000000,0.00004792492000000000,1.00000000000000000000,274.54830000000000000000
D,0.02511542000000000000,0.00003391023000000000,0.99785160000000000000,275.62500000000000000000
D,0.02719873000000000000,0.00003996187000000000,0.99807990000000000000,292.04410000000000000000
D,0.02588513000000000000,0.00004108903000000000,0.99807990000000000000,292.04410000000000000000
D,0.02742771000000000000,0.00004201447000000000,0.99807990000000000000,292.04410000000000000000
D,0.02491956000000000000,0.00004478841000000000,0.99807990000000000000,292.04410000000000000000
D,0.02729395000000000000,0.00004206086000000000,0.99807990000000000000,292.04410000000000000000
D,0.02465439000000000000,0.00004824760000000000,0.99807990000000000000,292.04410000000000000000
D,0.02448065000000000000,0.00004776955000000000,0.99818050000000000000,308.19400000000000000000
D,0.02724729000000000000,0.00004549127000000000,0.99818050000000000000,308.19400000000000000000
D,0.02715391000000000000,0.00004600710000000000,0.99818050000000000000,308.19400000000000000000
D,0.03068100000000000000,0.00003919432000000000,0.99818050000000000000,308.19400000000000000000
D,0.02748620000000000000,0.00004603129000000000,0.99818050000000000000,308.19400000000000000000
D,0.02460532000000000000,0.00004223082000000000,0.99645760000000000000,309.00150000000000000000
D,0.03327283000000000000,0.00005161537000000000,1.00091600000000000000,326.58690000000000000000
D,0.03515086000000000000,0.00004816156000000000,1.00091600000000000000,326.58690000000000000000
D,0.03245200000000000000,0.00004241993000000000,0.99965700000000000000,327.03550000000000000000
D,0.01851007000000000000,0.00035339050000000000,0.96794870000000000000,326.58690000000000000000
D,0.03291859000000000000,0.00005065899000000000,1.00091600000000000000,326.58690000000000000000
D,0.03103529000000000000,0.00005203488000000000,1.00091600000000000000,326.58690000000000000000
D,0.02963233000000000000,0.00004366535000000000,0.99741600000000000000,347.22290000000000000000
D,0.03267215000000000000,0.00004263908000000000,0.99741600000000000000,347.22290000000000000000
D,0.00753725700000000000,0.00004321403000000000,0.99354000000000000000,347.22290000000000000000
D,0.02905780000000000000,0.00003728140000000000,0.99669760000000000000,347.76120000000000000000
D,0.02589683000000000000,0.00004587359000000000,0.99741600000000000000,347.22290000000000000000
D,0.02988272000000000000,0.00004419513000000000,0.99741600000000000000,347.22290000000000000000
D,0.02071851000000000000,0.00004512757000000000,0.99606060000000000000,370.10190000000000000000
D,0.01990919000000000000,0.00004617488000000000,0.99606060000000000000,370.10190000000000000000
D,0.02120355000000000000,0.00004401158000000000,0.99878350000000000000,368.75610000000000000000
D,0.01822945000000000000,0.00004506668000000000,0.99756690000000000000,368.75610000000000000000
D,0.02134120000000000000,0.00004482468000000000,0.99756690000000000000,368.75610000000000000000
D,0.01575609000000000000,0.00004861795000000000,0.99969700000000000000,370.10190000000000000000
D,0.02509911000000000000,0.00004536556000000000,0.99971370000000000000,391.63510000000000000000
D,0.01896372000000000000,0.00005521200000000000,0.99923200000000000000,389.39210000000000000000
D,0.01488343000000000000,0.00004798369000000000,0.99627720000000000000,391.63510000000000000000
D,0.02525679000000000000,0.00004360957000000000,0.99770120000000000000,390.28930000000000000000
D,0.02913249000000000000,0.00004671133000000000,0.99692780000000000000,389.39210000000000000000
D,0.02146440000000000000,0.00005439014000000000,0.99923200000000000000,389.39210000000000000000
D,0.02193752000000000000,0.00004477116000000000,0.99927220000000000000,410.92530000000000000000
D,0.02793810000000000000,0.00004632264000000000,0.99708880000000000000,410.92530000000000000000
D,0.02761917000000000000,0.00004647350000000000,0.99927220000000000000,410.92530000000000000000
D,0.02769665000000000000,0.00004620094000000000,0.99927220000000000000,410.92530000000000000000
D,0.03577193000000000000,0.00006126837000000000,0.99781660000000000000,410.92530000000000000000
D,0.03527956000000000000,0.00004270357000000000,0.99708880000000000000,410.92530000000000000000
D,0.04135764000000000000,0.00005675837000000000,0.99795080000000000000,437.84180000000000000000
D,0.04531001000000000000,0.00005840985000000000,0.99795080000000000000,437.84180000000000000000
D,0.04136625000000000000,0.00006167163000000000,0.99795080000000000000,437.84180000000000000000
D,0.03567403000000000000,0.00006164407000000000,0.99795080000000000000,437.84180000000000000000
D,0.03658017000000000000,0.00006181381000000000,0.99795080000000000000,437.84180000000000000000
D,0.03452481000000000000,0.00006077627000000000,0.99795080000000000000,437.84180000000000000000
D,0.03620997000000000000,0.00004309683000000000,0.99742600000000000000,464.75830000000000000000
D,0.04277623000000000000,0.00004287815000000000,0.99742600000000000000,464.75830000000000000000
D,0.04295287000000000000,0.00004557703000000000,1.00000000000000000000,462.96390000000000000000
D,0.03823577000000000000,0.00004423064000000000,1.00000000000000000000,462.96390000000000000000
D,0.03225714000000000000,0.00004334201000000000,1.00000000000000000000,462.96390000000000000000
D,0.03317637000000000000,0.00004387037000000000,1.00000000000000000000,462.96390000000000000000
D,0.02693537000000000000,0.00004739154000000000,1.00000000000000000000,489.88040000000000000000
D,0.02870322000000000000,0.00004787349000000000,0.99756690000000000000,491.67480000000000000000
D,0.03097370000000000000,0.00006252388000000000,1.00000000000000000000,489.88040000000000000000
D,0.03155980000000000000,0.00006298641000000000,1.00000000000000000000,489.88040000000000000000
D,0.03096679000000000000,0.00006374347000000000,1.00000000000000000000,489.88040000000000000000
D,0.02859274000000000000,0.00006449139000000000,1.00000000000000000000,489.88040000000000000000
D,0.01427384000000000000,0.00007569271000000000,0.99740930000000000000,519.48850000000000000000
D,0.01252638000000000000,0.00007583651000000000,1.00259100000000000000,519.48850000000000000000
D,0.01331397000000000000,0.00007884007000000000,0.99740930000000000000,519.48850000000000000000
D,0.01496800000000000000,0.00007597823000000000,1.00259100000000000000,519.48850000000000000000
D,0.01100249000000000000,0.00008144239000000000,0.99740930000000000000,519.48850000000000000000
D,0.01828866000000000000,0.00007469396000000000,0.99740930000000000000,519.48850000000000000000
D,0.02260413000000000000,0.00007140967000000000,1.00000000000000000000,549.09670000000000000000
D,0.00426151100000000000,0.00006505221000000000,0.99729440000000000000,552.68550000000000000000
D,0.01774040000000000000,0.00007761977000000000,0.99756100000000000000,551.78830000000000000000
D,0.01573481000000000000,0.00007937332000000000,0.99756100000000000000,551.78830000000000000000
D,0.02558100000000000000,0.00006984136000000000,0.99756100000000000000,551.78830000000000000000
D,0.02142042000000000000,0.00007586450000000000,1.00000000000000000000,549.09670000000000000000
D,0.02757147000000000000,0.00006878319000000000,1.00000000000000000000,586.77980000000000000000
D,0.05180009000000000000,0.00010000000000000000,1.00000000000000000000,586.77980000000000000000
D,0.05087167000000000000,0.00005447861000000000,1.00000000000000000000,586.77980000000000000000
D,0.04835771000000000000,0.00005651516000000000,1.00000000000000000000,586.77980000000000000000
D,0.04014828000000000000,0.00005645087000000000,1.00000000000000000000,586.77980000000000000000
D,0.05074890000000000000,0.00005816179000000000,1.00000000000000000000,586.77980000000000000000
E,-0.00156386200000000000,0.00006767351000000000,0.99144240000000000000,82.54395000000000000000
E,-0.00385207800000000000,0.00009697508000000000,0.99457070000000000000,82.36450000000000000000
E,-0.00310939000000000000,0.00008466013000000000,0.99457070000000000000,82.36450000000000000000
E,-0.00407362700000000000,0.00007515419000000000,0.99533150000000000000,82.36450000000000000000
E,-0.00350626300000000000,0.00006822122000000000,0.99533150000000000000,82.36450000000000000000
E,-0.00238118000000000000,0.00006936169000000000,0.99144240000000000000,82.54395000000000000000
E,-0.00572100400000000000,0.00006182479000000000,1.00244300000000000000,87.32910000000000000000
E,-0.00596100700000000000,0.00006720458000000000,0.99473800000000000000,87.32910000000000000000
E,-0.00424637500000000000,0.00005981131000000000,0.99473800000000000000,87.32910000000000000000
E,-0.00367089000000000000,0.00008783441000000000,0.98872690000000000000,87.92725000000000000000
E,-0.00533977600000000000,0.00006090336000000000,0.99473800000000000000,87.32910000000000000000
E,-0.00791935700000000000,0.00007109651000000000,0.99473800000000000000,87.32910000000000000000
E,-0.00570525900000000000,0.00006762422000000000,0.99014100000000000000,92.86194000000000000000
E,-0.00019223730000000000,0.00004873222000000000,0.99221140000000000000,92.86194000000000000000
E,-0.00567502200000000000,0.00006832643000000000,0.99221140000000000000,92.86194000000000000000
E,-0.00024284520000000000,0.00004999882000000000,0.99014100000000000000,92.86194000000000000000
E,-0.00586343900000000000,0.00006594664000000000,0.99221140000000000000,92.86194000000000000000
E,-0.00745993400000000000,0.00007309460000000000,0.99221140000000000000,92.86194000000000000000
E,-0.00106299300000000000,0.00005381315000000000,0.99419440000000000000,98.24524000000000000000
E,-0.00967343400000000000,0.00007104482000000000,0.99321590000000000000,98.24524000000000000000
E,-0.00473515800000000000,0.00007628980000000000,0.99068120000000000000,98.24524000000000000000
E,-0.00054526780000000000,0.00005647209000000000,0.99263820000000000000,98.24524000000000000000
E,-0.00005506670000000000,0.00005849771000000000,0.99068120000000000000,98.24524000000000000000
E,-0.00001808371000000000,0.00005664302000000000,0.99068120000000000000,98.24524000000000000000
E,0.00291241400000000000,0.00004625184000000000,0.99211220000000000000,104.30150000000000000000
E,0.00273442600000000000,0.00004611460000000000,0.99211220000000000000,104.30150000000000000000
E,0.00335426900000000000,0.00004665001000000000,0.99211220000000000000,104.30150000000000000000
E,0.00245369700000000000,0.00004595953000000000,0.99211220000000000000,104.30150000000000000000
E,-0.00032751180000000000,0.00005957413000000000,0.99232720000000000000,104.30150000000000000000
E,-0.00133111900000000000,0.00005687937000000000,0.99557320000000000000,103.82080000000000000000
E,0.00258052600000000000,0.00005133835000000000,0.99849720000000000000,109.46040000000000000000
E,0.00328984000000000000,0.00005574390000000000,0.99849720000000000000,109.46040000000000000000
E,0.00022002730000000000,0.00004566323000000000,1.02513700000000000000,109.46040000000000000000
E,0.00097260020000000000,0.00005571966000000000,0.99849720000000000000,109.46040000000000000000
E,0.00434774100000000000,0.00004910650000000000,0.99849720000000000000,109.46040000000000000000
E,0.00313898200000000000,0.00005208931000000000,0.99849720000000000000,109.46040000000000000000
E,-0.00486258500000000000,0.00006795366000000000,0.99179490000000000000,116.63820000000000000000
E,-0.00350161600000000000,0.00006373477000000000,0.99948720000000000000,116.63820000000000000000
E,-0.00645315500000000000,0.00006752328000000000,0.99948720000000000000,116.63820000000000000000
E,-0.00504687600000000000,0.00006826850000000000,0.99948720000000000000,116.63820000000000000000
E,-0.00397725600000000000,0.00006531175000000000,0.99948720000000000000,116.63820000000000000000
E,-0.00198600700000000000,0.00005956772000000000,0.99948720000000000000,116.63820000000000000000
E,0.00753726200000000000,0.00004947026000000000,1.00383800000000000000,122.73930000000000000000
E,0.00912497000000000000,0.00005238375000000000,1.00383800000000000000,122.73930000000000000000
E,0.01061991000000000000,0.00004864262000000000,1.00383800000000000000,122.73930000000000000000
E,0.00987521200000000000,0.00004982695000000000,1.00383800000000000000,122.73930000000000000000
E,0.00640444600000000000,0.00004647985000000000,0.99835530000000000000,122.73930000000000000000
E,0.00900257300000000000,0.00004806920000000000,1.00383800000000000000,122.73930000000000000000
E,0.00697167400000000000,0.00005250440000000000,0.99570450000000000000,130.54500000000000000000
E,-0.00098680520000000000,0.00006278007000000000,0.99576500000000000000,131.35250000000000000000
E,0.00650246000000000000,0.00004909431000000000,0.99820940000000000000,130.27590000000000000000
E,0.00814001300000000000,0.00004002743000000000,0.99394980000000000000,130.99370000000000000000
E,0.00733878000000000000,0.00004515208000000000,0.99820940000000000000,130.27590000000000000000
E,0.00576469300000000000,0.00004973056000000000,0.99820940000000000000,130.27590000000000000000
E,-0.00593814500000000000,0.00006202339000000000,1.00403600000000000000,137.81250000000000000000
E,-0.00145787000000000000,0.00005518757000000000,1.00208300000000000000,137.81250000000000000000
E,-0.00092728310000000000,0.00005726746000000000,1.00208300000000000000,137.81250000000000000000
E,-0.00508050800000000000,0.00006197850000000000,1.00208300000000000000,137.81250000000000000000
E,0.00002715087000000000,0.00005538236000000000,1.00208300000000000000,137.81250000000000000000
E,-0.00060592160000000000,0.00005664585000000000,1.00208300000000000000,137.81250000000000000000
E,0.01384116000000000000,0.00003990158000000000,0.99595590000000000000,146.42580000000000000000
E,0.01372178000000000000,0.00005179451000000000,0.99678310000000000000,146.42580000000000000000
E,0.01651429000000000000,0.00004653322000000000,0.99678310000000000000,146.42580000000000000000
E,0.01106112000000000000,0.00004689523000000000,0.99678310000000000000,146.42580000000000000000
E,0.01665042000000000000,0.00004132084000000000,0.99595590000000000000,146.42580000000000000000
E,0.01690292000000000000,0.00004861952000000000,0.99678310000000000000,146.42580000000000000000
E,0.01065913000000000000,0.00005083761000000000,0.99927530000000000000,154.76990000000000000000
E,0.01351409000000000000,0.00005054608000000000,0.99927530000000000000,154.76990000000000000000
E,0.00976172600000000000,0.00005388970000000000,0.99927530000000000000,154.76990000000000000000
E,0.01376285000000000000,0.00004732880000000000,0.99927530000000000000,154.76990000000000000000
E,0.01002029000000000000,0.00005054571000000000,0.99927530000000000000,154.76990000000000000000
E,0.01484663000000000000,0.00005028895000000000,0.99927530000000000000,154.76990000000000000000
E,0.01530757000000000000,0.00004669122000000000,0.99453550000000000000,164.19070000000000000000
E,0.01566371000000000000,0.00005103897000000000,0.99453550000000000000,164.19070000000000000000
E,0.01671931000000000000,0.00004935325000000000,0.99453550000000000000,164.19070000000000000000
E,0.01726284000000000000,0.00005124726000000000,0.99453550000000000000,164.19070000000000000000
E,0.01634400000000000000,0.00004897304000000000,0.99453550000000000000,164.19070000000000000000
E,0.01897665000000000000,0.00004903891000000000,0.99453550000000000000,164.19070000000000000000
E,0.02467632000000000000,0.00003966104000000000,0.99677000000000000000,173.61150000000000000000
E,0.02172327000000000000,0.00004148420000000000,0.99677000000000000000,173.61150000000000000000
E,0.02616748000000000000,0.00004216559000000000,0.99677000000000000000,173.61150000000000000000
E,0.02863410000000000000,0.00004301761000000000,0.99677000000000000000,173.61150000000000000000
E,0.02805419000000000000,0.00004294032000000000,0.99677000000000000000,173.61150000000000000000
E,0.02541730000000000000,0.00004244980000000000,0.99677000000000000000,173.61150000000000000000
E,0.03245952000000000000,0.00004656495000000000,0.99352750000000000000,184.82670000000000000000
E,0.02962482000000000000,0.00006387308000000000,0.99514560000000000000,184.82670000000000000000
E,0.03742679000000000000,0.00004546497000000000,0.99352750000000000000,184.82670000000000000000
E,0.02310623000000000000,0.00004517310000000000,0.99352750000000000000,184.82670000000000000000
E,0.03446956000000000000,0.00003801809000000000,0.99695860000000000000,184.37810000000000000000
E,0.04366830000000000000,0.00004942468000000000,0.99352750000000000000,184.82670000000000000000
E,0.04679143000000000000,0.00006507889000000000,0.99541280000000000000,195.59330000000000000000
E,0.05112606000000000000,0.00006578844000000000,0.99541280000000000000,195.59330000000000000000
E,0.04205875000000000000,0.00006304408000000000,0.99541280000000000000,195.59330000000000000000
E,0.03762045000000000000,0.00006481310000000000,0.99541280000000000000,195.59330000000000000000
E,0.04801584000000000000,0.00006492668000000000,0.99541280000000000000,195.59330000000000000000
E,0.03956848000000000000,0.00006475853000000000,0.99541280000000000000,195.59330000000000000000
E,0.02823078000000000000,0.00004433389000000000,0.99420290000000000000,206.35990000000000000000
E,0.03700931000000000000,0.00004532422000000000,0.99855070000000000000,206.35990000000000000000
E,0.03459958000000000000,0.00004514826000000000,0.99855070000000000000,206.35990000000000000000
E,0.03604946000000000000,0.00006291085000000000,0.99565220000000000000,206.35990000000000000000
E,0.03116534000000000000,0.00004447234000000000,0.99855070000000000000,206.35990000000000000000
E,0.03670825000000000000,0.00004530944000000000,0.99420290000000000000,206.35990000000000000000
E,0.02417686000000000000,0.00005423361000000000,0.99316940000000000000,218.92090000000000000000
E,0.03238879000000000000,0.00004955915000000000,0.99316940000000000000,218.92090000000000000000
E,0.02534156000000000000,0.00005177391000000000,0.99316940000000000000,218.92090000000000000000
E,0.02214691000000000000,0.00005335814000000000,0.99316940000000000000,218.92090000000000000000
E,0.02630386000000000000,0.00005171652000000000,0.99316940000000000000,218.92090000000000000000
E,0.02645018000000000000,0.00005459769000000000,0.99316940000000000000,218.92090000000000000000
E,0.02582557000000000000,0.00005188092000000000,1.00000000000000000000,231.48190000000000000000
E,0.02134035000000000000,0.00003914617000000000,0.99566470000000000000,232.82780000000000000000
E,0.03381177000000000000,0.00005271391000000000,1.00000000000000000000,231.48190000000000000000
E,0.02316175000000000000,0.00005393628000000000,1.00000000000000000000,231.48190000000000000000
E,0.01643447000000000000,0.00005616130000000000,1.00000000000000000000,231.48190000000000000000
E,0.01275627000000000000,0.00004473396000000000,0.99566470000000000000,232.82780000000000000000
E,0.00855163700000000000,0.00004640002000000000,1.00121700000000000000,245.83740000000000000000
E,0.01422696000000000000,0.00005179381000000000,0.99391730000000000000,245.83740000000000000000
E,0.04531944000000000000,0.00026517300000000000,0.97627740000000000000,245.83740000000000000000
E,0.02199295000000000000,0.00005803990000000000,0.99450550000000000000,244.94020000000000000000
E,0.01967970000000000000,0.00005158884000000000,0.99391730000000000000,245.83740000000000000000
E,0.01530110000000000000,0.00004420380000000000,0.99391730000000000000,245.83740000000000000000
E,0.00653837900000000000,0.00007370843000000000,0.99484540000000000000,261.09010000000000000000
E,0.02904070000000000000,0.00007197132000000000,0.99484540000000000000,261.09010000000000000000
E,0.00613590000000000000,0.00007494848000000000,0.99484540000000000000,261.09010000000000000000
E,0.02781573000000000000,0.00004666008000000000,0.99429230000000000000,261.98730000000000000000
E,0.01256432000000000000,0.00005170513000000000,0.99429230000000000000,261.98730000000000000000
E,0.02354511000000000000,0.00005799322000000000,1.00000000000000000000,263.78170000000000000000
E,0.01153249000000000000,0.00007444384000000000,1.00485400000000000000,277.24000000000000000000
E,0.01133535000000000000,0.00008150289000000000,1.00485400000000000000,277.24000000000000000000
E,0.01336470000000000000,0.00007423707000000000,0.99514560000000000000,277.24000000000000000000
E,0.01371156000000000000,0.00008041898000000000,1.00485400000000000000,277.24000000000000000000
E,0.01479329000000000000,0.00006829806000000000,0.99514560000000000000,277.24000000000000000000
E,0.01653912000000000000,0.00006606650000000000,1.00485400000000000000,277.24000000000000000000
E,0.03143423000000000000,0.00006296271000000000,1.00000000000000000000,296.08150000000000000000
E,0.03007318000000000000,0.00032457180000000000,0.96536150000000000000,297.87600000000000000000
E,0.03233178000000000000,0.00003987344000000000,0.99297190000000000000,297.87600000000000000000
E,0.03678137000000000000,0.00005640195000000000,1.00000000000000000000,296.08150000000000000000
E,0.03362069000000000000,0.00005983469000000000,1.00000000000000000000,296.08150000000000000000
E,0.02490488000000000000,0.00050662260000000000,0.97272730000000000000,296.08150000000000000000
E,0.04747909000000000000,0.00005413335000000000,0.99431820000000000000,315.82030000000000000000
E,0.07172771000000000000,0.00005569250000000000,0.99431820000000000000,315.82030000000000000000
E,0.04501106000000000000,0.00010000000000000000,1.00000000000000000000,312.23140000000000000000
E,0.05627269000000000000,0.00010000000000000000,1.00000000000000000000,312.23140000000000000000
E,0.04118219000000000000,0.00010000000000000000,1.00000000000000000000,312.23140000000000000000
E,0.06964170000000000000,0.00003957419000000000,1.01562500000000000000,315.82030000000000000000
E,0.03458285000000000000,0.00006533093000000000,1.00000000000000000000,333.76460000000000000000
E,0.03942119000000000000,0.00006628644000000000,1.00000000000000000000,333.76460000000000000000
E,0.04710413000000000000,0.00006472322000000000,1.00000000000000000000,333.76460000000000000000
E,0.04274860000000000000,0.00004841227000000000,1.02016100000000000000,333.76460000000000000000
E,0.03792778000000000000,0.00006890719000000000,1.00000000000000000000,333.76460000000000000000
E,0.05238016000000000000,0.00006269919000000000,1.00000000000000000000,333.76460000000000000000
G,-0.04628386000000000000,0.00031085240000000000,0.99088500000000000000,196.19140000000000000000
G,-0.03850403000000000000,0.00007332063000000000,0.99931680000000000000,196.19140000000000000000
G,-0.05463962000000000000,0.00007354088000000000,0.99714850000000000000,196.19140000000000000000
G,-0.04857846000000000000,0.00007699567000000000,0.99717310000000000000,196.19140000000000000000
G,-0.04178622000000000000,0.00007590435000000000,0.99717310000000000000,196.19140000000000000000
G,-0.01108986000000000000,0.00006255568000000000,0.99869500000000000000,195.81760000000000000000
G,-0.04840571000000000000,0.00008343136000000000,1.00048800000000000000,207.93000000000000000000
G,-0.08917517000000000000,0.00012807740000000000,1.00197500000000000000,207.64160000000000000000
G,-0.05583624000000000000,0.00010425720000000000,0.99535110000000000000,207.93000000000000000000
G,-0.05583624000000000000,0.00010425720000000000,0.99535110000000000000,207.93000000000000000000
G,-0.07137932000000000000,0.00008647522000000000,1.00048800000000000000,207.93000000000000000000
G,-0.06510885000000000000,0.00008149353000000000,0.99625740000000000000,207.93000000000000000000
G,-0.01031333000000000000,0.00036216410000000000,0.99108180000000000000,220.71530000000000000000
G,-0.03277570000000000000,0.00005640778000000000,1.00000000000000000000,220.71530000000000000000
G,-0.03775126000000000000,0.00005978332000000000,1.00000000000000000000,220.71530000000000000000
G,0.00881771400000000000,0.00029466700000000000,0.99328770000000000000,221.38820000000000000000
G,-0.06138954000000000000,0.00008492255000000000,1.00000000000000000000,220.71530000000000000000
G,-0.01737116000000000000,0.00005015017000000000,1.00066200000000000000,221.38820000000000000000
G,-0.07037624000000000000,0.00011792470000000000,0.99616860000000000000,234.17360000000000000000
G,-0.02193128000000000000,0.00009500441000000000,0.99616860000000000000,234.17360000000000000000
G,-0.02193128000000000000,0.00009500441000000000,0.99616860000000000000,234.17360000000000000000
G,-0.06772457000000000000,0.00007361751000000000,0.99620770000000000000,234.17360000000000000000
G,-0.02530651000000000000,0.00005426528000000000,0.99067950000000000000,234.17360000000000000000
G,-0.01375188000000000000,0.00005951087000000000,0.99642660000000000000,234.17360000000000000000
G,-0.02970675000000000000,0.00004913404000000000,1.00042900000000000000,246.28600000000000000000
G,-0.02314818000000000000,0.00005136997000000000,0.99815310000000000000,246.86280000000000000000
G,-0.01817139000000000000,0.00041258270000000000,0.99036490000000000000,246.86280000000000000000
G,-0.03072120000000000000,0.00004459277000000000,0.99711470000000000000,246.86280000000000000000
G,0.00268519100000000000,0.00005305536000000000,0.99815310000000000000,246.86280000000000000000
G,-0.02468956000000000000,0.00005944593000000000,0.99815310000000000000,246.86280000000000000000
G,-0.07937399000000000000,0.00006392490000000000,1.00199300000000000000,261.09010000000000000000
G,-0.06680191000000000000,0.00035495940000000000,0.98839630000000000000,261.47460000000000000000
G,-0.01269993000000000000,0.00005019277000000000,0.99491410000000000000,261.09010000000000000000
G,-0.01543499000000000000,0.00005455042000000000,0.99736540000000000000,261.09010000000000000000
G,-0.03084840000000000000,0.00005514667000000000,0.99491410000000000000,261.09010000000000000000
G,0.00004338027000000000,0.00005193391000000000,0.99614380000000000000,261.47460000000000000000
G,0.00740101800000000000,0.00004978710000000000,0.99932100000000000000,276.85550000000000000000
G,0.00707800900000000000,0.00004977141000000000,0.99867280000000000000,276.85550000000000000000
G,0.03545757000000000000,0.00028432760000000000,0.99967640000000000000,277.24000000000000000000
G,-0.00677536800000000000,0.00005012703000000000,0.99751890000000000000,277.24000000000000000000
G,-0.02241746000000000000,0.00031445030000000000,0.99428260000000000000,277.24000000000000000000
G,-0.02837132000000000000,0.00004538233000000000,0.99913700000000000000,277.24000000000000000000
G,0.01740950000000000000,0.00006669357000000000,0.99591000000000000000,292.49270000000000000000
G,0.04103725000000000000,0.00036666810000000000,0.99268910000000000000,292.49270000000000000000
G,-0.00942685400000000000,0.00004697180000000000,0.99790390000000000000,292.49270000000000000000
G,-0.01589344000000000000,0.00004343852000000000,0.99330260000000000000,292.49270000000000000000
G,0.03170190000000000000,0.00004860277000000000,0.99779140000000000000,292.49270000000000000000
G,0.01369036000000000000,0.00004402277000000000,0.99790390000000000000,292.49270000000000000000
G,-0.00241631400000000000,0.00005255514000000000,0.99745370000000000000,310.07810000000000000000
G,-0.02628442000000000000,0.00005500010000000000,0.99745370000000000000,310.07810000000000000000
G,0.00888465900000000000,0.00005127296000000000,0.99745370000000000000,310.07810000000000000000
G,-0.02634019000000000000,0.00005656397000000000,0.99745370000000000000,310.07810000000000000000
G,0.02749034000000000000,0.00037904070000000000,0.99050930000000000000,310.07810000000000000000
G,-0.02467485000000000000,0.00005048784000000000,0.99691710000000000000,310.43700000000000000000
G,0.01700020000000000000,0.00033023820000000000,0.99426230000000000000,328.38130000000000000000
G,0.03409844000000000000,0.00003771890000000000,1.00163900000000000000,328.38130000000000000000
G,0.08930191000000000000,0.00003640499000000000,0.99644810000000000000,328.38130000000000000000
G,0.02893326000000000000,0.00003686341000000000,0.99398910000000000000,328.38130000000000000000
G,0.06938758000000000000,0.00004072352000000000,0.99644810000000000000,328.38130000000000000000
G,0.06731282000000000000,0.00004054674000000000,0.99644810000000000000,328.38130000000000000000
G,0.02462065000000000000,0.00005131003000000000,0.99556330000000000000,348.83790000000000000000
G,0.03053826000000000000,0.00005201027000000000,0.99485200000000000000,348.56870000000000000000
G,0.03053826000000000000,0.00005201027000000000,0.99485200000000000000,348.56870000000000000000
G,0.03341138000000000000,0.00003987520000000000,0.99603910000000000000,348.83790000000000000000
G,0.03192036000000000000,0.00004125029000000000,0.99603910000000000000,348.83790000000000000000
G,0.08867054000000000000,0.00023870170000000000,0.98966410000000000000,347.22290000000000000000
G,0.12233760000000000000,0.00004421639000000000,0.99725280000000000000,367.41030000000000000000
G,0.07508343000000000000,0.00004094986000000000,0.99936460000000000000,367.14110000000000000000
G,0.11867020000000000000,0.00004898043000000000,0.99847380000000000000,367.41030000000000000000
G,0.21564560000000000000,0.00004298631000000000,0.99725280000000000000,367.41030000000000000000
G,0.22047350000000000000,0.00004237039000000000,0.99725280000000000000,367.41030000000000000000
G,0.05790534000000000000,0.00004292092000000000,0.99838710000000000000,367.14110000000000000000
G,0.15792230000000000000,0.00004169719000000000,0.99770120000000000000,390.28930000000000000000
G,0.13362450000000000000,0.00045674820000000000,0.98735630000000000000,390.28930000000000000000
G,0.11552780000000000000,0.00005881654000000000,0.99770120000000000000,390.28930000000000000000
G,0.18222460000000000000,0.00003758115000000000,0.99706160000000000000,390.82760000000000000000
G,0.10838700000000000000,0.00004209178000000000,0.99706160000000000000,390.82760000000000000000
G,0.11354160000000000000,0.00005857043000000000,0.99770120000000000000,390.28930000000000000000
G,0.15797560000000000000,0.00003906895000000000,1.00378800000000000000,414.51420000000000000000
G,0.17953190000000000000,0.00025260070000000000,0.99321390000000000000,413.16830000000000000000
G,0.11591580000000000000,0.00004687738000000000,0.99972860000000000000,413.16830000000000000000
G,0.08723605000000000000,0.00005214122000000000,0.99972860000000000000,413.16830000000000000000
G,0.13010370000000000000,0.00004468848000000000,0.99972860000000000000,413.16830000000000000000
G,0.11667350000000000000,0.00004905255000000000,1.00217900000000000000,411.82250000000000000000
G,0.20453810000000000000,0.00036976400000000000,0.99590160000000000000,437.84180000000000000000
G,0.20056500000000000000,0.00004705954000000000,0.99726780000000000000,437.84180000000000000000
G,0.27258910000000000000,0.00036460100000000000,0.99590160000000000000,437.84180000000000000000
G,0.22495870000000000000,0.00004687521000000000,0.99726780000000000000,437.84180000000000000000
G,0.23399040000000000000,0.00004407126000000000,0.99726780000000000000,437.84180000000000000000
G,0.25215790000000000000,0.00003539392000000000,1.00751400000000000000,437.84180000000000000000
G,0.36631940000000000000,0.00004205794000000000,1.00000000000000000000,462.96390000000000000000
G,0.30235050000000000000,0.00004034832000000000,0.99742600000000000000,464.75830000000000000000
G,0.29464570000000000000,0.00004100017000000000,1.00000000000000000000,462.96390000000000000000
G,0.27027720000000000000,0.00004402698000000000,1.00000000000000000000,462.96390000000000000000
G,0.33447880000000000000,0.00004402698000000000,1.00000000000000000000,462.96390000000000000000
G,0.25639660000000000000,0.00004237294000000000,1.00000000000000000000,462.96390000000000000000
G,0.18326280000000000000,0.00005359668000000000,0.99696970000000000000,493.46920000000000000000
G,0.11470400000000000000,0.00004259424000000000,0.99977290000000000000,493.91780000000000000000
G,0.12675840000000000000,0.00004475378000000000,0.99977290000000000000,493.91780000000000000000
G,0.13747330000000000000,0.00004365899000000000,0.99704810000000000000,493.91780000000000000000
G,0.13283510000000000000,0.00004357601000000000,1.00182200000000000000,492.57200000000000000000
G,0.01463204000000000000,0.00007533977000000000,0.81466310000000000000,492.57200000000000000000
G,0.30089660000000000000,0.00020892070000000000,1.00057700000000000000,518.59130000000000000000
G,0.29103670000000000000,0.00004319771000000000,1.00057500000000000000,520.38570000000000000000
G,0.27610140000000000000,0.00028026590000000000,0.99827590000000000000,520.38570000000000000000
G,0.28340140000000000000,0.00031565900000000000,0.99942530000000000000,520.38570000000000000000
G,0.32127840000000000000,0.00035176480000000000,0.99250290000000000000,518.59130000000000000000
G,0.23752950000000000000,0.00035977320000000000,0.98678160000000000000,520.38570000000000000000
G,0.18277500000000000000,0.00004318843000000000,0.99782840000000000000,550.89110000000000000000
G,0.15793520000000000000,0.00004029080000000000,0.99729440000000000000,552.68550000000000000000
G,0.29491070000000000000,0.00004142967000000000,0.99782840000000000000,550.89110000000000000000
G,0.31672190000000000000,0.00003432465000000000,1.00760000000000000000,550.89110000000000000000
G,0.28446110000000000000,0.00004204717000000000,0.99782840000000000000,550.89110000000000000000
G,0.33597790000000000000,0.00004085146000000000,0.99782840000000000000,550.89110000000000000000
G,0.26005620000000000000,0.00044721300000000000,0.98929660000000000000,586.77980000000000000000
G,0.23138370000000000000,0.00004702587000000000,0.99847100000000000000,586.77980000000000000000
G,0.00080982050000000000,0.00007447117000000000,0.96543780000000000000,584.08810000000000000000
G,0.19609720000000000000,0.00004323557000000000,1.00051100000000000000,584.98540000000000000000
G,0.34067780000000000000,0.00004391930000000000,1.00051100000000000000,584.98540000000000000000
G,0.26117620000000000000,0.00004427153000000000,1.00051100000000000000,584.98540000000000000000
G,0.34116010000000000000,0.00005939413000000000,1.00000000000000000000,619.07960000000000000000
G,0.25163940000000000000,0.00006083705000000000,1.00000000000000000000,619.07960000000000000000
G,0.28529120000000000000,0.00006059316000000000,1.00000000000000000000,619.07960000000000000000
G,0.48781110000000000000,0.00005972411000000000,1.00000000000000000000,619.07960000000000000000
G,0.37644290000000000000,0.00005875459000000000,1.00000000000000000000,619.07960000000000000000
G,0.20360120000000000000,0.00006221885000000000,0.99855490000000000000,620.87400000000000000000
G,0.24228290000000000000,0.00004793844000000000,0.99863390000000000000,656.76270000000000000000
G,0.24634840000000000000,0.00004627208000000000,1.00045700000000000000,654.96830000000000000000
G,0.25120710000000000000,0.00005589401000000000,0.99794240000000000000,654.07100000000000000000
G,0.22799650000000000000,0.00004818802000000000,1.00045700000000000000,654.96830000000000000000
G,0.24937480000000000000,0.00004539059000000000,1.00045700000000000000,654.96830000000000000000
G,0.22359340000000000000,0.00004692636000000000,0.99771690000000000000,654.96830000000000000000
G,0.31575210000000000000,0.00041687500000000000,0.99031010000000000000,694.44580000000000000000
G,0.35698520000000000000,0.00005577956000000000,1.00000000000000000000,694.44580000000000000000
G,0.09372108000000000000,0.00010000000000000000,1.00000000000000000000,694.44580000000000000000
G,0.09372108000000000000,0.00010000000000000000,1.00000000000000000000,694.44580000000000000000
G,0.23450810000000000000,0.00005587591000000000,1.00000000000000000000,694.44580000000000000000
G,0.38393160000000000000,0.00005622640000000000,1.00000000000000000000,694.44580000000000000000
G,0.22367270000000000000,0.00010000000000000000,1.00000000000000000000,737.51220000000000000000
G,0.15516640000000000000,0.00006244046000000000,1.00000000000000000000,737.51220000000000000000
G,0.17397330000000000000,0.00005989317000000000,1.00000000000000000000,737.51220000000000000000
G,0.29158740000000000000,0.00038024380000000000,0.99543800000000000000,737.51220000000000000000
G,0.29729870000000000000,0.00005872607000000000,1.00000000000000000000,737.51220000000000000000
G,0.15516640000000000000,0.00006244046000000000,1.00000000000000000000,737.51220000000000000000
G,0.37567240000000000000,0.00005872120000000000,1.00000000000000000000,780.57860000000000000000
G,0.18286070000000000000,0.00005835433000000000,0.99655180000000000000,780.57860000000000000000
G,0.20742300000000000000,0.00006003116000000000,1.00000000000000000000,780.57860000000000000000
G,0.36210590000000000000,0.00005941889000000000,1.00000000000000000000,780.57860000000000000000
G,0.21030140000000000000,0.00003612156000000000,1.01431800000000000000,783.27030000000000000000
G,0.21030140000000000000,0.00003612156000000000,1.01431800000000000000,783.27030000000000000000
h_E,-0.02387693000000000000,0.00010026460000000000,1.00000000000000000000,328.38130000000000000000
h_E,-0.01950789000000000000,0.00009352991000000000,1.00000000000000000000,328.38130000000000000000
h_E,-0.03731515000000000000,0.00011024960000000000,1.00000000000000000000,328.38130000000000000000
h_E,-0.03273988000000000000,0.00009516413000000000,1.00000000000000000000,328.38130000000000000000
h_E,-0.02062281000000000000,0.00007885878000000000,1.00000000000000000000,328.38130000000000000000
h_E,-0.02207820000000000000,0.00010164330000000000,1.00000000000000000000,328.38130000000000000000
h_E,-0.01459895000000000000,0.00062867710000000000,0.98909470000000000000,348.83790000000000000000
h_E,-0.00849689200000000000,0.00008501591000000000,0.99912550000000000000,348.83790000000000000000
h_E,-0.02716309000000000000,0.00008862365000000000,0.99603910000000000000,348.83790000000000000000
h_E,-0.01132430000000000000,0.00008578108000000000,1.00160000000000000000,347.76120000000000000000
h_E,-0.01516547000000000000,0.00008707249000000000,1.00160000000000000000,347.76120000000000000000
h_E,-0.01739913000000000000,0.00009073968000000000,1.00160000000000000000,347.76120000000000000000
h_E,-0.03340204000000000000,0.00008452298000000000,1.00223500000000000000,369.29440000000000000000
h_E,-0.03650002000000000000,0.00008596155000000000,1.00029200000000000000,369.29440000000000000000
h_E,-0.03398952000000000000,0.00009854533000000000,0.99786200000000000000,369.29440000000000000000
h_E,-0.00542203600000000000,0.00036724560000000000,0.98814380000000000000,369.29440000000000000000
h_E,-0.02216946000000000000,0.00009637116000000000,0.99756690000000000000,368.75610000000000000000
h_E,-0.04167737000000000000,0.00008055035000000000,1.00214400000000000000,368.21780000000000000000
h_E,-0.03933604000000000000,0.00011177060000000000,1.00229900000000000000,390.28930000000000000000
h_E,-0.04707966000000000000,0.00012022510000000000,1.00229900000000000000,390.28930000000000000000
h_E,-0.00302797500000000000,0.00008192051000000000,1.00114900000000000000,390.28930000000000000000
h_E,-0.03062149000000000000,0.00010133210000000000,1.00229900000000000000,390.28930000000000000000
h_E,-0.03918615000000000000,0.00011701030000000000,1.00229900000000000000,390.28930000000000000000
h_E,-0.03550058000000000000,0.00011547570000000000,0.99797980000000000000,390.82760000000000000000
h_E,-0.01142494000000000000,0.00009110066000000000,0.99512990000000000000,414.51420000000000000000
h_E,-0.03259306000000000000,0.00007510043000000000,1.00243500000000000000,414.51420000000000000000
h_E,-0.00845813300000000000,0.00007747569000000000,1.00244300000000000000,413.16830000000000000000
h_E,-0.01333534000000000000,0.00005931798000000000,1.01058600000000000000,413.16830000000000000000
h_E,0.00022196950000000000,0.00007800340000000000,1.00135700000000000000,413.16830000000000000000
h_E,-0.03094669000000000000,0.00007734291000000000,0.99647120000000000000,413.16830000000000000000
h_E,-0.02100036000000000000,0.00008856398000000000,0.99795500000000000000,438.73900000000000000000
h_E,-0.02344891000000000000,0.00008935518000000000,0.99795500000000000000,438.73900000000000000000
h_E,-0.00120186300000000000,0.00006675400000000000,0.99642130000000000000,438.73900000000000000000
h_E,-0.01138590000000000000,0.00057217320000000000,0.99335380000000000000,438.73900000000000000000
h_E,0.01163715000000000000,0.00006629081000000000,0.99795500000000000000,438.73900000000000000000
h_E,-0.03524679000000000000,0.00008331087000000000,0.99642130000000000000,438.73900000000000000000
h_E,-0.00551159900000000000,0.00008963312000000000,0.99935650000000000000,464.75830000000000000000
h_E,-0.00779682100000000000,0.00035081770000000000,0.99227800000000000000,464.75830000000000000000
h_E,0.00417783100000000000,0.00008415906000000000,0.99935650000000000000,464.75830000000000000000
h_E,0.00728276600000000000,0.00007731481000000000,0.99935650000000000000,464.75830000000000000000
h_E,-0.00972549400000000000,0.00007690450000000000,1.00024200000000000000,464.30970000000000000000
h_E,0.02968574000000000000,0.00005812546000000000,0.99879230000000000000,464.30970000000000000000
h_E,-0.02143211000000000000,0.00007344721000000000,1.00022800000000000000,491.22620000000000000000
h_E,-0.00586276100000000000,0.00008851890000000000,0.99939170000000000000,491.67480000000000000000
h_E,-0.01970352000000000000,0.00057542610000000000,0.99482970000000000000,491.67480000000000000000
h_E,-0.02968263000000000000,0.00009712793000000000,0.99939170000000000000,491.67480000000000000000
h_E,-0.02193561000000000000,0.00009435538000000000,0.99939170000000000000,491.67480000000000000000
h_E,-0.05232938000000000000,0.00010399290000000000,0.99939170000000000000,491.67480000000000000000
h_E,0.02405915000000000000,0.00006994808000000000,1.00229900000000000000,520.38570000000000000000
h_E,0.04576395000000000000,0.00006492305000000000,1.00229900000000000000,520.38570000000000000000
h_E,0.02722308000000000000,0.00060241310000000000,0.99140890000000000000,522.18020000000000000000
h_E,0.00902117100000000000,0.00007763269000000000,1.00000000000000000000,522.18020000000000000000
h_E,0.01006122000000000000,0.00007753108000000000,1.00000000000000000000,522.18020000000000000000
h_E,0.02900372000000000000,0.00007168787000000000,1.00000000000000000000,522.18020000000000000000
h_E,0.01686749000000000000,0.00006229763000000000,1.00054100000000000000,552.68550000000000000000
h_E,0.05294174000000000000,0.00046232600000000000,0.99242420000000000000,552.68550000000000000000
h_E,0.04282470000000000000,0.00006047614000000000,1.00054100000000000000,552.68550000000000000000
h_E,0.03317709000000000000,0.00049385670000000000,0.99242420000000000000,552.68550000000000000000
h_E,0.05279358000000000000,0.00037511180000000000,0.99837660000000000000,552.68550000000000000000
h_E,0.01232820000000000000,0.00006964536000000000,1.00054100000000000000,552.68550000000000000000
h_E,0.04373505000000000000,0.00006091724000000000,1.00051100000000000000,584.98540000000000000000
h_E,0.03395614000000000000,0.00007212983000000000,0.99541280000000000000,586.77980000000000000000
h_E,0.08667536000000000000,0.00005397615000000000,1.00204500000000000000,584.98540000000000000000
h_E,0.03623470000000000000,0.00005659397000000000,1.00051100000000000000,584.98540000000000000000
h_E,0.05498278000000000000,0.00005703947000000000,1.00051100000000000000,584.98540000000000000000
h_E,0.05530800000000000000,0.00005704309000000000,1.00204500000000000000,584.98540000000000000000
h_E,0.09866372000000000000,0.00007452464000000000,1.00000000000000000000,619.07960000000000000000
h_E,0.09064042000000000000,0.00007750873000000000,1.00000000000000000000,619.07960000000000000000
h_E,0.08558177000000000000,0.00007673536000000000,1.00000000000000000000,619.07960000000000000000
h_E,0.09052520000000000000,0.00007534651000000000,1.00000000000000000000,619.07960000000000000000
h_E,0.09412912000000000000,0.00004061908000000000,1.00724600000000000000,619.07960000000000000000
h_E,0.07457136000000000000,0.00005611229000000000,1.00000000000000000000,619.07960000000000000000
h_E,0.10244060000000000000,0.00005178266000000000,1.00182600000000000000,654.96830000000000000000
h_E,0.08614650000000000000,0.00004946115000000000,1.00045700000000000000,654.96830000000000000000
h_E,0.04430539000000000000,0.00028001120000000000,1.00136600000000000000,656.76270000000000000000
h_E,0.04553492000000000000,0.00004843432000000000,1.00182600000000000000,654.96830000000000000000
h_E,0.09354452000000000000,0.00005614431000000000,1.00000000000000000000,656.76270000000000000000
h_E,0.10870820000000000000,0.00006593693000000000,1.00000000000000000000,656.76270000000000000000
h_E,0.12859900000000000000,0.00007075131000000000,1.00000000000000000000,694.44580000000000000000
h_E,0.13880490000000000000,0.00004557014000000000,1.00772200000000000000,697.13750000000000000000
h_E,0.09579670000000000000,0.00004913404000000000,1.01938000000000000000,694.44580000000000000000
h_E,0.19210220000000000000,0.00005991452000000000,1.00000000000000000000,694.44580000000000000000
h_E,0.07522572000000000000,0.00006791241000000000,1.00000000000000000000,694.44580000000000000000
h_E,0.20141610000000000000,0.00005750397000000000,1.00000000000000000000,694.44580000000000000000
h_E,0.10579200000000000000,0.00006940655000000000,1.00000000000000000000,737.51220000000000000000
h_E,0.00826462000000000000,0.00049515430000000000,0.99087590000000000000,737.51220000000000000000
h_E,0.17468520000000000000,0.00006105800000000000,1.00000000000000000000,737.51220000000000000000
h_E,0.05911715000000000000,0.00006088636000000000,1.00000000000000000000,737.51220000000000000000
h_E,0.13121170000000000000,0.00006372986000000000,1.00000000000000000000,737.51220000000000000000
h_E,0.15006290000000000000,0.00006137187000000000,1.00000000000000000000,737.51220000000000000000
h_E,0.15873410000000000000,0.00048067150000000000,0.99885060000000000000,780.57860000000000000000
h_E,0.10370010000000000000,0.00006632122000000000,1.00000000000000000000,780.57860000000000000000
h_E,0.16759150000000000000,0.00006549391000000000,1.00000000000000000000,780.57860000000000000000
h_E,0.15489090000000000000,0.00006014165000000000,1.00000000000000000000,780.57860000000000000000
h_E,0.15725110000000000000,0.00048681410000000000,0.99137930000000000000,780.57860000000000000000
h_E,0.18537360000000000000,0.00005749211000000000,1.00000000000000000000,780.57860000000000000000
h_E,0.16532350000000000000,0.00006486485000000000,1.00000000000000000000,829.02830000000000000000
h_E,0.16799510000000000000,0.00006431103000000000,1.00000000000000000000,829.02830000000000000000
h_E,0.07991742000000000000,0.00006133194000000000,1.00000000000000000000,829.02830000000000000000
h_E,0.07991742000000000000,0.00006133194000000000,1.00000000000000000000,829.02830000000000000000
h_E,0.11993150000000000000,0.00006804952000000000,1.00000000000000000000,829.02830000000000000000
h_E,0.18664020000000000000,0.00005601811000000000,1.00000000000000000000,829.02830000000000000000
h_E,0.19241030000000000000,0.00010000000000000000,1.00000000000000000000,877.47800000000000000000
h_E,0.20617110000000000000,0.00010000000000000000,1.00000000000000000000,877.47800000000000000000
h_E,0.14899550000000000000,0.00005721922000000000,1.00000000000000000000,877.47800000000000000000
h_E,0.24823180000000000000,0.00005667456000000000,1.00000000000000000000,877.47800000000000000000
h_E,0.23255980000000000000,0.00010000000000000000,1.00000000000000000000,877.47800000000000000000
h_E,0.19991330000000000000,0.00005998409000000000,1.00000000000000000000,877.47800000000000000000
h_E,0.16123630000000000000,0.00005992383000000000,1.00144900000000000000,928.61940000000000000000
h_E,0.03851794000000000000,0.00006138576000000000,1.00144900000000000000,928.61940000000000000000
h_E,0.26765960000000000000,0.00010000000000000000,1.00000000000000000000,931.31100000000000000000
h_E,0.24211540000000000000,0.00005712171000000000,1.00000000000000000000,931.31100000000000000000
h_E,0.26005310000000000000,0.00010000000000000000,1.00000000000000000000,931.31100000000000000000
h_E,0.13228220000000000000,0.00005709764000000000,0.99855070000000000000,928.61940000000000000000
h_E,0.15904950000000000000,0.00005681440000000000,0.99863760000000000000,987.83570000000000000000
h_E,0.22968510000000000000,0.00010000000000000000,1.00000000000000000000,985.14400000000000000000
h_E,0.22202860000000000000,0.00005415532000000000,1.00136200000000000000,987.83570000000000000000
h_E,0.23078070000000000000,0.00005406136000000000,1.00000000000000000000,985.14400000000000000000
h_E,0.09327925000000000000,0.00006525467000000000,0.99863760000000000000,987.83570000000000000000
h_E,0.21108480000000000000,0.00034630290000000000,0.99455040000000000000,987.83570000000000000000
h_E,0.23951480000000000000,0.00010000000000000000,1.00000000000000000000,1044.36000000000000000000
h_E,0.25920170000000000000,0.00010000000000000000,1.00000000000000000000,1049.74400000000000000000
h_E,0.26518190000000000000,0.00010000000000000000,1.00000000000000000000,1049.74400000000000000000
h_E,0.26762000000000000000,0.00010000000000000000,1.00000000000000000000,1049.74400000000000000000
h_E,0.24736840000000000000,0.00055890590000000000,0.98717950000000000000,1049.74400000000000000000
h_E,0.27867140000000000000,0.00010000000000000000,1.00000000000000000000,1049.74400000000000000000
h_E,0.03896198000000000000,0.00010000000000000000,1.00000000000000000000,1103.57700000000000000000
h_E,0.04687238000000000000,0.00010000000000000000,1.00000000000000000000,1103.57700000000000000000
h_E,0.20693590000000000000,0.00010000000000000000,1.00000000000000000000,1103.57700000000000000000
h_E,0.24088470000000000000,0.00010000000000000000,1.00000000000000000000,1103.57700000000000000000
h_E,0.17586860000000000000,0.00010000000000000000,1.00000000000000000000,1103.57700000000000000000
h_E,0.21564680000000000000,0.00010000000000000000,1.00000000000000000000,1103.57700000000000000000
h_E,0.25867150000000000000,0.00043537660000000000,0.99308750000000000000,1168.17600000000000000000
h_E,0.29193370000000000000,0.00010000000000000000,1.00000000000000000000,1173.56000000000000000000
h_E,0.26188660000000000000,0.00010000000000000000,1.00000000000000000000,1173.56000000000000000000
h_E,0.34399410000000000000,0.00042159520000000000,0.98340870000000000000,1189.70900000000000000000
h_E,0.30575330000000000000,0.00010000000000000000,1.00000000000000000000,1178.94300000000000000000
h_E,0.31421600000000000000,0.00010000000000000000,1.00000000000000000000,1178.94300000000000000000
h_E,0.27291510000000000000,0.00010000000000000000,1.00000000000000000000,1243.54200000000000000000
h_E,0.25971530000000000000,0.00010000000000000000,1.00000000000000000000,1243.54200000000000000000
h_E,0.24324730000000000000,0.00010000000000000000,1.00000000000000000000,1243.54200000000000000000
h_E,0.25250130000000000000,0.00010000000000000000,1.00000000000000000000,1243.54200000000000000000
h_E,0.22735350000000000000,0.00010000000000000000,1.00000000000000000000,1243.54200000000000000000
h_E,0.31565050000000000000,0.00010000000000000000,1.00000000000000000000,1243.54200000000000000000
h_E,0.18461290000000000000,0.00010000000000000000,1.00000000000000000000,1318.90900000000000000000
h_E,0.29031760000000000000,0.00010000000000000000,1.00000000000000000000,1318.90900000000000000000
h_E,0.17237990000000000000,0.00010000000000000000,1.00000000000000000000,1318.90900000000000000000
h_E,0.22835630000000000000,0.00010000000000000000,1.00000000000000000000,1318.90900000000000000000
h_E,0.30125310000000000000,0.00010000000000000000,1.00000000000000000000,1318.90900000000000000000
h_E,0.30998270000000000000,0.00010000000000000000,1.00000000000000000000,1318.90900000000000000000
